word,translation
آپ کہاں تھے؟,Where were you?
مجھے آپ سے پیار ہے۔,I love you.
بی رنگ سبز خیالات شدت سے سوتی ہیں.,Colorless green ideas sleep furiously.
بۇ ئۆي بەك ياخشى.,This house is very good.
کتابیں پڑھ کے اسے بہت خوشی ملتی ہے۔,Reading is a great enjoyment to him.
جم اور نینسی کدھر ہیں؟,Do you know where Jim and Nancy are?
اجلاس پچھلے ہفتے منعقد ہوا تھا۔,The meeting took place last week.
مجھے مشورہ دو۔,Give me a tip.
پیانو کافی مہنگا ہے۔,A piano is expensive.
میرا بھائی ٹینس میں کبھی نہیں ہارا ہے,My brother has never lost at tennis.
دروازہ کون کھلا چھوڑ گیا تھا؟,Who left the door open?
تمھیں دکان سڑک کے کونے میں ملے گی۔,You'll find the shop around the corner.
کوئی بھی بچہ نہیں بیٹھا ہوا۔,None of the children are sitting.
کیا ہوٹل ہوائی اڈے کے قریب ہے؟,Is the hotel close to the airport?
انہوں نے لڑکے کو ڈوبنے سے بچا لیا۔,They rescued the boy from drowning.
آگ میں ۱۳ زندگیاں ضائع ہو گئی۔,The fire took 13 lives.
اس پھل کا ذائقہ خراب ہے۔,This fruit has a bad taste.
یوکو انگریزی بولتی ہے، ہے نا؟,"Yoko speaks English, doesn't she?"
وہ سوچ میں ڈوبا ہوا تھا۔,He was absorbed in thought.
فرج گوشت کو تازہ رکھتا ہے۔,A refrigerator keeps meat fresh.
استاد نے میری پیٹھ پر مجھے تھپکی دی۔,The teacher patted me on the back.
میں تمھیں سچ بتا رہا ہوں۔,I tell you the truth.
مجھے کسی بھی چیز سے ڈر نہیں لگتا۔,Nothing scares me.
گرم موسم میں پانی جلد اڑ جاتا ہے۔,"In hot weather, water evaporates quickly."
میری ہارڈ ڈرائیو تقریبا پوری بھڑھ گئی ہے۔,My hard drive is almost full.
وہ واقعی بہت خوبصورت لگ رہی ہے۔,She really looks pretty.
وہ پیانو کی روذ مشق کرتی ہے۔,She practices the piano every day.
میں میلان میں رہتا ہوں۔,I live in Milan.
آج میں نے ایک بلی کو پیار کیا۔,I pet a cat today.
کیا ہو رہا ہیں؟,What's up?
آپ کے پاس تین بلیاں ہیں۔,You have three cats.
تمہارے پاس تین بلیاں ہیں۔,You have three cats.
اس نے سب کچھ جیت لیا۔,He won everything.
روشنی کو بند کر دیں۔,Turn off the light.
روشنی کو بند کر دو۔,Turn off the light.
میرا سائنس پڑھنے کا موڈ نہیں ہو رہا۔,I don't feel like studying science.
یہ ایک بالکل نیا پڑوڈکٹ ہے۔,It is a brand new product.
وہ ایک اچھے خاندان سے تعلق رکھتی ہے۔,She comes from a good family.
یہ بلکل صحیح جواب ہے۔,That's the right answer.
یہ صحیح جواب نہیں ہے۔,That's not the right answer.
میں اگلے ہفتے سپین جا رہا ہوں۔,I'm going to Spain next week.
میں ابھی بھی مصروف ہوں۔,I'm still busy.
بس تھوڑی دور ہے۔,It's just a little further.
ٹام نے مریم کو ایک نوٹ پکرایا۔,Tom handed a note to Mary.
چاول گرم ممالک میں اگتا ہے۔,Rice grows in warm countries.
میں نے پورے یورپ کا سفر کیا۔,I traveled around Europe.
پیرس کے مقابلے میں لندن بہت بڑا ہے۔,"When compared to Paris, London is large."
مجھے قرض کی اب ضرورت نہیں ہے۔,I don't need a loan anymore.
سیمسٹر امتہان آخرکار ختم ہو گئے ہیں۔,The semester exams are finally over.
میں اس کے خیال سے اتفاق کرتا ہوں۔,I agree with his idea.
میں ان کے خیال سے اتفاق کرتا ہوں۔,I agree with his idea.
مجھ پر بھروسہ کرو۔,Trust me!
اس کو اپنی قسمت قبول کرنا پڑی۔,She had to accept her fate.
ان کو اپنی قسمت قبول کرنا پڑی۔,She had to accept her fate.
میرے پیچھے آئو۔,Come along after me.
میرے پیچھے آئے۔,Come along after me.
ہم قانون کی اطاعت کرنے کے پابند ہیں۔,We are bound to obey the law.
ہنس کو اشارے سمجھ آتے ہیں۔,Swans understand signs.
وہ کام کر کر کے تھک گئی ہے۔,She's tired from overwork.
میں اس پر دوبارہ نظر ثانی کرو گا۔,I'm going to reconsider it.
برائے مہربانی، یہاں دستخط کرے۔,"Sign here, please."
میں یہ اپنی والدہ کے لیے چنوں گا۔,I will choose them for my mother.
میں نے اسے بتایا کہ وہ غلط تھا۔,I told him that he was wrong.
ہم رات بارہ بجے تک باتیں کرتے رہیں۔,We talked on the phone until midnight.
ان گرمیوں میں کافی بارشیں ہوئی ہیں۔,We have had much rain this summer.
مگر بہت بہت مشکل ہے۔,"But that's very, very difficult."
آگ بجھ گئی۔,The fire went out.
اس نے مجھے اپنی زندگی کی کہانی سنائی۔,He told me his life's story.
انہوں نے مجھے اپنی زندگی کی کہانی سنائی۔,He told me his life's story.
وہ مجھ سے تین گنا زیادہ کماتا ہے۔,He earns three times more than I do.
اس نے کتاب کو الماری میں رکھ دیا۔,He put the book on the shelf.
انہوں نے کتاب کو الماری میں رکھ دیا۔,He put the book on the shelf.
سورج سے ہمیں حرارت اور روشنی ملتی ہے۔,The sun gives us heat and light.
پہلے مجھے لگا کہ وہ تمھارا بھائی ہے۔,"At first, I thought he was your brother."
اس کے نظریہ کو سمجھنا مشکل ہے۔,It's difficult to understand his theory.
ان کے نظریہ کو سمجھنا مشکل ہے۔,It's difficult to understand his theory.
ممکن ہے کہ وہ آجائے گی۔,She'll probably come.
اس کا سائز انڈے جتنا ہے۔,It's about the size of an egg.
آج بہت گرمی ہے۔,It's very hot today.
گیارہ بج گئے ہے۔,It's already eleven.
میں جلد ہی واپس آ جائو گا۔,I'll be back soon.
مجھے کتوں سے ڈر لگتا ہے۔,I'm afraid of dogs.
گیند کو دونوں ہاتھوں سے پکڑو۔,Hold the ball with both hands.
میں آٹھویں منزل پر ہوں۔,I'm on the eighth floor.
بزرگ عورت بڑی مشکل سے سیڑھیاں چڑھی تھی۔,The old woman climbed the stairs with difficulty.
مجھے گانے کی دھن یاد نہیں آ رہی۔,I can't remember the melody of that song.
اس نے مجھے ڈھیڑ ساری خوبصورت تصویریں دکھائیں۔,He showed me a lot of beautiful photos.
انہوں نے مجھے ڈھیڑ ساری خوبصورت تصویریں دکھائیں۔,He showed me a lot of beautiful photos.
میں شام کو انگریزی پڑھو گا۔,I'm going to study English this afternoon.
یہ کام نہیں کرے گا۔,It won't work.
وہ گاڑی کے حادثے میں زخمی ہوئی تھی۔,She was injured in a car accident.
تم ہمیشہ دیر سے کیوں آتے ہو؟,Why is it that you're always late?
مجھے یہ فلم بہت دلچسپ لگی ہے۔,I found this movie very interesting.
میں نے اس فلم کو بہت دلچسپ پایا۔,I found this movie very interesting.
میں اس واقعے کو تفصیل سے سمجھاتا ہوں۔,I'll explain the incident.
میں اس واقعے کو تفصیل سے سمجھاتی ہوں۔,I'll explain the incident.
میں کچھ ٹیلی فون کالیں کرنا چاہتا تھا۔,I wanted to make some telephone calls.
میں کچھ ٹیلی فون کالیں کرنا چاہتی تھی۔,I wanted to make some telephone calls.
وہ بازو باندھ کے سوچ رہا تھا۔,"He was thinking, with his arms folded."
ٹریفک حادثہ کیسے پیش آیا؟,How did the traffic accident happen?
ٹھنڈا موسم اور کتنا عرصہ رہے گا؟,How long will this cold weather continue?
کیوں نہ ہم اسے ملنے چلے؟,Why don't we drop by to see her?
وہ دل بھینک ہے۔,He's a philanderer.
اس آدمی کو سزائے موت دی گئی ہے۔,The man was given a life sentence.
یہ بچے ہمیشہ بے چین رہتیں ہیں۔,These kids are always restless.
میں نے سیٹل جانا ہے۔,I want to go to Seattle.
ٹام رات کو گھر آیا تھا۔,Tom came over last night.
کیوبا کے سب لوگوں کو پسند ہیں۔,Everyone in Cuba likes it.
وہ مطمئن نہیں ہوئے تھے کیا؟,Weren't they satisfied?
میں پڑھا رہا ہوں۔,I am teaching.
میں پڑھا رہی ہوں۔,I am teaching.
وہ جاپان کا اڈیسن ہے۔,He is an Edison in Japan.
وہ زیادہ دور نہیں رہتا۔,He doesn't live far away.
ہاتھی ایشیا اور افریقہ میں پائے جاتے ہیں۔,Elephants live in Asia and Africa.
وہ ایک بین الاقوامی بینک میں مترجم ہے۔,He is an interpreter in an international bank.
تم سارے کہاں رہتے ہوں؟,Where do you all live?
اس کائنات کی ابتدا کیا ہے؟,What is the origin of the universe?
مجھے دل کا دورہ پڑا تھا۔,I had a heart attack.
تمھیں جشن کیسا لگا؟,How did you like the party?
ٹام نوکری تلاش کر رہا ہے۔,Tom is seeking a job.
اس میں کافی خامیاں ہے۔,She has many faults.
وہ چھٹیوں میں وہیں رہا۔,He stayed there during the vacation.
ٹام ایک امیر آدپی ہے۔,Tom is a wealthy man.
برائے مہربانی، دھیان سے فیصلہ کی جیئے گا۔,Please choose wisely.
کیا وہ ہوٹل میں قیام کر رہی ہے؟,Is she staying at a hotel?
تمھیں خود حاضری دینی پڑے گی۔,You have to appear in person.
یہ گلی آگے سے بند ہے۔,This is a dead-end alley.
تم نے نانا کی ویل چیئر دیکھی ہے؟,Did you see grandpa's wheelchair?
آخر کار برف باری شروع ہو گئی ہے۔,"Finally, it's snowing!"
ٹام اپنے باغ کو پانی دے رہا ہے۔,Tom is spraying his garden.
حادثہ پرسو ہوا تھا۔,The accident took place the day before yesterday.
وہ اپنے خرچے کم کرے گے۔,They will cut down on their expenses.
کوئی اس بندے کو پکڑے۔,Somebody catch that man!
یہ اچھا سودا ہے۔,It's a real bargain.
میں بہت خوش ہوں تمھاری کامیابی پہ۔,I'm so glad that you succeeded.
وہ سٹیشن کی طرف دوڑے۔,They hurried to the station.
تمھیں کھڑے ہونے کی ضرورت نہیں ہے۔,You needn't stand up.
امنے ہمسایوں سے بہترین سلوک کرو۔,Love your neighbors.
وہ بینک کے اندر گیا۔,He went into the bank.
مختلف لوگوں کے مختلف خیالات ہیں۔,Different people have different ideas.
وہ پیانو بجانے میں مہارت رکھتا ہے۔,He is a proficient pianist.
وہ میرے ٹائپ کی نہیں ہے۔,She isn't to my taste.
وہ دیر تک بیٹھنے کا عادی ہے۔,He was accustomed to sitting up late.
تحفہ دینے کا بہت شکریہ۔,Thank you for your present.
ابھی بھی دیر نہیں ہوئی۔,It's never too late.
مجھے تاریخیں زبانی یاد نہیں دہتی۔,I can't remember the date offhand.
اس نے ادب کا ذوق سیکھا۔,He learned to appreciate literature.
ہمارے ملک میں سمندری اشیائیں بہت ہے۔,Our country is rich in marine products.
اس نے اسی وقت پیسے ادا کئیے۔,He paid the money on the spot.
جانوروں کو کھانا نہ ڈالے۔,Don't feed the animals.
تینوں لڑکوں کو انعام ملے گا۔,Each of the three boys got a prize.
وہ کوئی عام طافان نہیں تھا۔,That was no ordinary storm.
وہ ملنسار فطرت کا مالک ہے۔,He has a sociable disposition.
آخری ٹرین جا چکی ہے۔,The last train has already gone.
کافی طلبہ لائبریری میں پڑھتے ہیں۔,Many a student studies at the library.
سب کچھ لگا دو۔,All in.
مجھے سیدھا داستہ دکھا۔,Show us the straight path.
ٹام پچھلے ہفتے کہیں نہیں گیا۔,Tom didn't go out last weekend.
تم نے اس گھڑی کی مرمت کروانی ہے؟,Do you want this watch mended?
آپ نے اس گھڑی کی مرمت کروانی ہے؟,Do you want this watch mended?
تم کیا کھانا پسند کرو گے؟,What would you like to eat?
آپ کیا کھانا پسند کریں گے؟,What would you like to eat?
آپ کیا کھائیں گے؟,What would you like to eat?
تم کیا کھائو گے؟,What would you like to eat?
تم میرا دجسٹر لے جانا۔,I'll lend you my notebook.
تم کیا کرو گے؟,What are you going to do?
آپ کیا کریں گے؟,What are you going to do?
ٹام ابھی اناڑی ہے۔,Tom is only a beginner.
ٹام نے ابھی ابتدا کی ہے۔,Tom is only a beginner.
اکاؤنٹس کو آڈٹ کر دیا گیا ہے۔,The accounts have been audited.
اپنی آنکھیں کھلی رکھنا۔,Keep your eyes peeled!
اس نے مطالبہ کیا کہ جان وہاں جائے۔,He demanded that John should go there.
میں ٹرین پر اپنا ٹینس ریکیٹ چھوڑ آیا۔,I left my tennis racket on the train.
وہ تقریباّ میری بہن کی عمر کی ہے۔,She's about the same age as my sister.
میں جرمن نہیں بول سکتا۔,I can't speak German.
میں اور انتظار نہیں کر سکتا۔,I can't wait for it!
اس کا ذائقہ بھی بہت اچھا ہے۔,"It tastes great, too."
کھوپڑے کا تیل کمال ہے۔,Coconut oil does wonders!
میں ریڈیو کبھی کبھی سنتا ہوں۔,I almost never listen to the radio.
میں ریڈہو بہت کم سنتا ہوں۔,I rarely listen to the radio.
ٹام بہت گالیاں دیتا ہے۔,Tom swears like a sailor.
کب سے؟,Since when?
میں ایک کمرہ بک کرانا چاحو گا۔,I'd like to book a bedroom.
میں ایک کمرہ بک کرانا چاھتا ہوں۔,I would like to book a bedroom.
شاید ہم کام کریں۔,Maybe we're gonna work.
میں تمہیں مس نہیں کرنا چاہتا۔,I don't want to miss you.
چھوڑ دو اسے۔,Leave it behind.
وہ ایک کسان بننا چاھتا تھا۔,He wanted to be a farmer.
ترجمہ کیا معیار بہتر ہو گیا ہے۔,The quality of translation has improved.
یہ گوند پلاسٹک کو نہیں جورتی۔,This glue does not adhere to plastic.
بچے کھلونوں سے کھیل رہے ہیں۔,The children are playing with toys.
وہ میرے لیئے اب مسکراتی نہیں ہے۔,She doesn't smile for me anymore.
اجلاس کے دوران بارش ہوتی رہی۔,It rained during the whole meeting.
اور اب کیا؟,"And now, what?"
تمھیں زیادہ پڑھنا چاہئیے۔,You need to study more.
مجھے نیند آ رہی ہے۔,I'm sleepy.
مجھے خماری چڑھ رہی ہے۔,I'm sleepy.
وہ اس طرف گئی ہے۔,She went that way.
مجھے کوئی پڑوا نہیں ہے۔,I don't care.
مجھے کوئی فرق نہیں پڑتا۔,I don't care.
یہ لطیفہ کیا ہوتا ہے؟,What's a joke?
وہ میری بلی ہے۔,That's my pussy.
میں اتنی اونچی چھلانگ کیسے لگائو؟,How can I jump so high?
وہ لڑکی رونے شروع ہو گئی۔,The girl broke into tears.
صفحہ نمبر دس سے رجوع کرے۔,Please refer to page ten.
اینڈی نے کافی محنت کی ہوگی۔,Andy must have practiced very hard.
برائے مہربانی زیادہ تیز نہ چلے۔,Please don't walk too fast.
ہر کھلاڑی نے اپنی بھرپور کوشش کی۔,Each player did his best.
اسے بار بار پڑھو۔,Read it again and again.
میں بھارت میں ہوں۔,I'm in India.
یاد دکھو، عزت ہی سب کچھ ہے۔,"Remember, respect is everything."
تم ایک اچھے بچے ہو۔,You are a good boy.
بہت کم جاپانی صحیح انگریزی بول سکتے ہیں۔,Few Japanese can use English well.
مجھے اپنا پیٹ بھاری محسوس ہو رہا ہے۔,My stomach feels heavy.
ٹام تمھیں جانے نہیں دے گا۔,Tom won't let you go.
اسے فورا٘ کرو۔,Do it at once.
ٹام نے اچھا وقت گزارا۔,Tom had a great time.
انہوں نے ایک اچھا موقعہ گنوا دیا۔,They missed a good chance.
اس نے اپنی ایلبم مجھے دکھائی۔,She showed her album to me.
ٹام نے مریم کو کتاب پڑھتے ہوِئے دیکھا۔,Tom found Mary reading a book.
میں میکڈونلڈ میں کام کر رہا ہوں۔,I'm working for McDonald's.
ہماری ہر گفتگو لڑائی پہ ختم ہوتی ہے۔,Our conversation always ends in a quarrel.
تم فوراّ سے پہلے یہ خط لکھو۔,You had better write the letter at once.
اس سوال کا جواب بہت آسان ہے۔,That question is easy to answer.
وہ ان کی کتابیں ہیں۔,Those are their books.
میں بعد میں آ جائو گا۔,I think I'll come back later.
پہاڑوں میں ہوا بہت تازہ ہے۔,The air is very pure in the mountains.
میں لاہور میں رہتا ہوں۔,I live in Lahore.
وہ عجائب گھر کس نے ڈیزائن کیا ہے؟,Who designed that museum?
وہ سیدھا میرے پاس آیا۔,He came straight up to me.
کاش میں اس سے شادی کر لیتا۔,I wish I had got married to her.
کاش میری اس سے شادی ہو جاتی۔,I wish I had got married to her.
میں اب جرمن سیکھ رہا ہوں۔,I'm learning German now.
یہ بہت بڑا ہے۔,This is too big.
یہ بہت زیارہ ہے۔,This is too big.
اس سیب کا ذائقہ بہت کڑوا ہے۔,This apple tastes very sour.
اس سال سردی بہت ہلکی ہے۔,We have a mild winter this year.
کیا تم مجھے اب سن سکتے ہو؟,Do you hear me well now?
وہ فورا مان گیا۔,He readily agreed to it.
کیا تم بینگلی صاحب کو جانتے ہو؟,Do you know Mr. Bingley?
جیسے ہی بارش تھمی، ہم نکل گئے۔,We set out when the rain had eased.
مجھے ایک آئڈیا آیا تھا۔,I had an idea.
میں انہیں آج مل رہا ہوں۔,I'm seeing them tonight.
ٹام کو ڈھائی بجے تک گھر پہنچنا ہے۔,Tom has to be home by 2:30.
تم کیا چاہتے ہو کہ میں کیا کروں؟,What would you like me to do?
میں نے اسے بیس بال کھیلتے ہوئے دیکھا۔,I saw him play baseball.
وہ زمین پہ کھڑا ہوا تھا۔,He was standing on the floor.
وہ ضرور امتحان میں پاس ہوگا۔,He is likely to pass the examination.
قیمتیں بڑھ رہی ہیں۔,Prices are rising.
غبارے میں پوا بھری ہوئی ہے۔,The balloon is filled with air.
کیا تم جلدی میں ہو؟,Are you in a hurry?
میں دوبارہ کب آئو؟,When should I come again?
اس نے وکالت کی تربیت حاصل کی ہے۔,He was trained as a lawyer.
مجھے نہیں پتا کہ تم کہاں جائو گے۔,I don't know where you will go.
مجھے نہیں پتا کہ آپ کہاں جائو گے۔,I don't know where you will go.
تمھارا کوٹ بہت خوبصورت ہے۔,Your coat is very beautiful.
مجھے کام کرنے سے نفرت ہے۔,I hate working.
اس نے نظریں جھکا لی۔,She looked away.
جاپان میں سب سے اونچا پہاڑ کونسا ہے؟,What is the largest mountain in Japan?
میری گھڑی دس منٹ پیچھے ہے۔,My watch is ten minutes slow.
جہاذ پہاڑ کے اوپر سے گزرا۔,The plane flew over the mountain.
تمہیں یہ کتاب سمجھ آئی ہے؟,Do you understand this book?
مجھے کوئی وجہ نظر نہیں آ رہی۔,I see no reason.
اس کے ساتھ واقعی ایسا ہوا؟,Did that really happen to him?
اس کا سارا سامان گم ہو گیا۔,He lost all his possessions.
مجھے دودھ چاہئیے۔,I want some milk.
قیامت آ چکی ہے۔,The day of judgment has arrived.
مجھے ابھی فورا بھیجو۔,Send it to me now.
میرا پین چوری ہو گیا ہے۔,My pen has been stolen.
میرا سر پھٹ رہا ہے۔,My head is exploding.
تمھیں ٹکٹ چاہیے؟,Do you want a ticket?
میں نے بھی جانا ہے۔,"I'd like to go, too."
اس نے الٹا کیا۔,He did the opposite.
میں اسے ابھی فون کرتا ہوں۔,I'll call her immediately.
وہ میری عزت کرتا ہے۔,He respects me.
میں کل فلم دیکھنے نہیں جا رہا۔,I'm not going to the movies tomorrow.
تم دفتر میں کام نہیں کرتے۔,You don't work in an office.
وہ بہت مزاحیہ ہو گا۔,That will be funny.
وہ ہماری پہلی ملاقات تھی۔,That was our first encounter.
مجھے دعوت نامہ ملا ہے۔,I received an invitation.
مجھے کیک چاہیئے,I want some cake.
اپنا پاسپورٹ دکھائیے گا۔,"Passport, please."
تم نے صرف اس بٹن کو دبانا ہے۔,You have only to push this button.
وہ یہ کہ ہی نیں سکتا۔,He cannot have said so.
درخت گر گیا۔,The tree fell down.
یہ ہی تو میں جاننا چاہتا ہوں۔,That's what I want to know.
یہ ہی تو میں جاننا چاہتی ہوں۔,That's what I want to know.
بہت خوبصورت نام ہے تمہارا۔,You have a beautiful name.
اسے گاڑی چلانا نہیں آتی۔,He isn't able to drive a car.
وہ افواہ سچی نکلی۔,The rumor turned out to be true.
کیا تم پچھلے مہینے امریکا میں تھے؟,Were you in America last month?
کیا آپ پچھلے مہینے امریکا میں تھے؟,Were you in America last month?
ٹام نے اپنا منہ بند رکھا۔,Tom kept his mouth shut.
تمھیں کل کسی نے کال کی تھی؟,Did anybody call on you yesterday?
وہ ہر صبح دوڑتا ہے۔,He goes running every morning.
ہم جلدی نہیں پہنچ گئے؟,"We've arrived pretty quickly, haven't we?"
آسٹریلوی لڑکیاں بہت خوبصورت ہیں۔,Australian women are very beautiful.
اسے کل تک ٹھیک ہو جانا چاہئیے۔,It ought to be fine tomorrow.
وہ دوپہر سے پہلے نظر نہیں آیا۔,He did not appear until about noon.
وہ آج صبح جلدی اٹھا تھا۔,He got up early this morning.
وہ آج صبح جلدی اٹھ گیا تھا۔,He got up early this morning.
اسلام علیکم بل۔ کیا حال ہے تمھارا؟,"Hi, Bill. How are you?"
اسلام علیکم بل۔ کیا حال چال ہے؟,"Hi, Bill. How are you?"
اسلام علیکم بل۔ کیسے مزاج ہے تمھارے؟,"Hi, Bill. How are you?"
ہاں، یہ بڑے آرام سے ہو سکتا ہے۔,"Yes, it can be done very easily."
اسلام علیکم بل۔ کیسے ہو؟,"Hi, Bill. How are you?"
میں سنگاپور سے ہوں۔,I'm from Singapore.
یہ اخبار روزنامہ ہے۔,This is a daily newspaper.
میں کالج میں پڑھتا ہوں۔,I'm a college student.
میں کالج میں پڑھتی ہوں۔,I'm a college student.
میں جامعہ میں پڑھتا ہوں۔,I'm a college student.
میں جامعہ میں پڑھتی ہوں۔,I'm a college student.
میں سٹوڈنٹ ہوں۔,I'm a college student.
کیوٹو میں میرا بھائی استاد بن گیا۔,My brother in Kyoto became a teacher.
اس نے اپنی مرضی سے میری مدد کی۔,She helped me willingly.
اس کی صبح جلدی اٹھنے کی عادت تھی۔,It was his habit to rise early.
وہ اپنے بچوں کا خیال نہیں کرتا۔,He does not take care of his children.
مجھے چائے پسند ہے نہ ہی کافی۔,I don't like either tea or coffee.
پیسے ادھار لینا میرے اصولوں کے خلاف ہے۔,It is against my principles to borrow money.
مجھے آج رات کال کرنا۔,Give me a call tonight.
ابھی بھی بہت ٹھنڈ ہے۔,It is still as cold as ever.
زیارہ دیر نہ لگانا۔,Don't be long.
جلدی واپس آنا۔,Don't be long.
یہ میری کتابیں نہیں ہیں۔,They aren't my books.
ہم اپنے منہ سے کھاتے ہے۔,We eat with our mouths.
اس سائیکل کو مرمت کی ضرورت ہے۔,This bicycle needs repairing.
اس نے ایک نئی کام والی رکھ لی۔,He employed a new maid.
اس نے ایک نئی نوکرانی رکھ لی۔,He employed a new maid.
جلدی کرو۔,"Hurry up, please!"
اسے وکیل ہونا چاہئیے تھا۔,He should have been a lawyer.
مجھے اس آلہ کے لئیے بیٹریاں چاہیئے۔,I would like batteries for this device.
کتاب سفید ہے۔,The book is white.
ہم اپنے پرانے سکول ہو کے آئے۔,We visited our old school.
بینک کتنی دیر تک کھلا ہے؟,How late is the bank open?
تم نے مجھے ڈھونڈا کیسے؟,How did you find me?
آپ نے مجھے ڈھونڈا کیسے؟,How did you find me?
لنکلن الیکشن جیت گیا۔,Lincoln won the election.
ہم کھاتے ہیں زندہ رہنے کے لئیے۔,We eat so that we can live.
تمھارے گھر والے کیسے ہے؟,How's it going with your family?
آپ کے گھر والے کیسے ہے؟,How's it going with your family?
کہنے میں اور کرنے میں بڑا فرق ہے۔,Saying and doing are two different things.
بولنے میں اور کرنے میں بڑا فرق ہے۔,Saying and doing are two different things.
قطع قلامی معاف۔,I'm sorry to disturb you while you're talking.
میرے چاکلیٹ کا ڈبہ کدھر ہے؟,Where's my box of chocolates?
میرے چاکلیٹ کا ڈبہ کہاں ہے؟,Where's my box of chocolates?
میں نے اس سے پوچھ لیا ہے۔,I have asked him.
کھانے کی خوشبو بہت اچھی ہے۔,The dish smells good.
یہ لوگ کون ہے؟,Who are those people?
اس نے میری پیشکش ٹھکرا دی۔,He turned down my offer.
انہوں نے میری پیشکش ٹھکرا دی۔,He turned down my offer.
برائے مہربانی ان کی واپسی تک انتظار فرمائیے۔,Please wait till he comes back.
میرا دل تیزی سے دھڑکنے لگا۔,My heart began to race.
میرا دماغ خراب ہو گیا ہے۔,I must have lost it.
پیرس فرانس کا دارلخلافہ ہے۔,Paris is the capital of France.
بہت محنت والا کام تھا یہ۔,It was real hard work.
ٹام کی عینک ٹوٹ گئ۔,Tom broke his glasses.
پارٹی پہ صرف چھہ لوگ تھے۔,There were only six people at the party.
صرف چھہ لوگ دعوت پہ آئے تھے۔,There were only six people at the party.
میٹنگ پورے چار بجے شروع ہو جائے گی۔,The meeting will start at four o'clock sharp.
مجلس پورے چار بجے شروع ہو جائے گی۔,The meeting will start at four o'clock sharp.
وہ لندن چلا گیا ہے۔,He has gone to London.
وہ لندن جا چکا ہے۔,He has gone to London.
پناہ گزین پل کے نیچے چھپ گئے۔,Refugees hid under the bridge.
بہت خوب۔,"Ah, wonderful."
تم بدل گئے ہو۔,You've changed.
مجھے صرف قینچیاں ملی ہے۔,All I found is a pair of scissors.
ہیرایامہ صاحب بہت اچھے استاد ہے۔,Mr. Hirayama is a very good teacher.
کل موسم کیسا تھا؟,What was the weather yesterday?
کل کا موسم کیسا تھا؟,What was the weather yesterday?
وہ ہوٹل کافی لیٹ پہنچی۔,She got to the hotel late at night.
وہ رات کو دیر سے ہوٹل پہنچی۔,She got to the hotel late at night.
تمھیں ملے ہوئے عرصہ ہو گیا ہے۔,"Long time, no see."
ٹونی کدھر ہے؟,Where's Tony?
کھل جا سم سم۔,Open Sesame!
ٹاٹوئیبا پہ خوش آمدید۔,Welcome to Tatoeba!
تم ٹام کو کتنی اچھی طرح جانتے ہو؟,How well do you know Tom?
لگتا ہے کہ قیمتیں گر رہی ہیں۔,Prices seem to be going down.
بل پہلے لندن میں رہتا تھا، ہے نا؟,"Bell used to live in London, didn't he?"
میں بھی ٹھیک ہوں۔,I'm fine too.
یہ گھر خالی ہے۔,The house is vacant.
ٹام ہیٹر ٹھیک کر سکتا ہے۔,Tom can fix the heater.
ٹام ہیٹر کی مرمت کر سکتا ہے۔,Tom can fix the heater.
تم وہاں کس سے ملے تھے؟,Who did you meet there?
کتاب بند کرو۔,Close your book.
امی کھانا پکا رہی ہے۔,Mother is preparing supper.
امی رات کا کھانا پکا رہی ہے۔,Mother is preparing supper.
اپنی کتاب صفحہ نمبر ۵۹ پہ کھولو۔,Open your book to page 59.
اگر صرف ہمارے پاس ایک باغ ہوتا۔,If only we had a garden!
بہتر ہے کہ تم یہی رک جائو۔,You had far better stay here.
گلاب کے پتے بہت نازک ہوتے ہے۔,A rose's petals are very delicate.
بل میرے سے دو سال بڑا ہے۔,Bill is two years senior to me.
اس گھر میں کون رہتا ہے؟,Who lives in this house?
ہوائی کی شام بہت خوبصورت ہے۔,The evening in Hawaii is very beautiful.
کھانے سے پہلے ہمیشہ ہاتھ دھویا کرو۔,You should always wash your hands before meals.
وہ اس گھر میں رہتا ہے۔,He lives in that house over there.
ان کتابوں کی ہمیشہ بہت مانگ رہتی ہے۔,Those books are always in great demand.
کمپیوٹر میں معلومات کا اندراج کرو۔,Enter the information into the computer.
وہ بیمار تھا، اسی لئیے سارے چپ تھے۔,"He was ill, so they were quiet."
وہ بیمار تھا، اسی لئیے سارے خاموش تھے۔,"He was ill, so they were quiet."
میں نیا سٹوڈنٹ ہوں۔,I'm a new student.
اس ہفتے کو تم کیا کر رہے ہو؟,What'll you be doing over the weekend?
اس ہفتے کو تم کیا کر رہی ہو؟,What'll you be doing over the weekend?
اس ہفتے کو تمہارا کیا سین ہے؟,What'll you be doing over the weekend?
کیا تم پہلی دفعہ جاپان آئے ہو؟,Is this your first time in Japan?
کیا تم پہلی دفعہ جاپان آئی ہو؟,Is this your first time in Japan?
کیا آپ پہلی دفعہ جاپان آئے ہے؟,Is this your first time in Japan?
کیا آپ پہلی دفعہ جاپان آئی ہے؟,Is this your first time in Japan?
تم بیواقوف لگ رہے ہو۔,You look stupid.
ہر مسمی کی قیمت ۷ پینس ہے۔,The oranges cost 7 pence each.
پولینا کے پاس پنک ٹوپی ہے۔,Paulina has a pink cap.
یہ ایڈورڈ ہے۔,This is Edward.
تمہیں کتنی پلیٹیں چاہیے؟,How many plates do you want?
آپ کو کتنی پلیٹیں چاہیے؟,How many plates do you want?
کیا تمہیں اپنے خط کا جواب ملا ہے؟,Have you had an answer?
سب کچھ جل کر راکھ ہو گیا۔,Everything was burnt to ashes.
کیا یہ میرا وہم ہے؟,Am I seeing things?
وہ بہت محنت کے ساتھ پڑھتا ہے۔,He always studies hard.
میرا یقین کرو۔,Believe you me.
میرا یقین کریں۔,Believe you me.
مجھ پر بھروسہ کرے۔,Believe you me.
تمھارے خاندان میں کتنے لوگ ہے؟,How many people are there in your family?
تمھارے خاندان میں کتنے افراد ہے؟,How many people are there in your family?
میں غلطی سے آپ کو اپنا بھائی سمجھا۔,I mistook you for your brother.
اس کا مطلب کیا ہو سکتا ہے؟,What could he mean?
کیوٹو میں کافی پرانے مندر ہے۔,There are many old temples in Kyoto.
پتہ نہیں وہ کیوں اتنی پریشان ہے۔,I wonder why she is so worried.
لگتا ہے کہ مجھے بخار ہو گیا ہے۔,Seems I have fever.
بھاگ جائو۔,Beat it.
دفعہ ہو جائو۔,Beat it.
موسم تھوڑا گرم ہو گیا۔,The weather became warm.
جیگ کو کیا ہوا ہے؟,What happened to the Jag?
کرسی کھڑکی کے پاس نہیں ہے۔,The chair is not near the window.
کرسی کھڑکی کے ساتھ نہیں ہے۔,The chair is not near the window.
مجھے لگ رہا ہے۔,I've got a feeling.
دونوں بہنیں بلکل ایک جیسی ہیں۔,The two sisters are so alike.
مجھے ایک اور گھڑی دکھائو۔,Show me another watch.
مجھے ایک اور گھڑی دکھائے۔,Show me another watch.
تم کسی وقت بھی آ سکتے ہو۔,You can come at any time.
آپ کسی وقت بھی آ سکتے ہے۔,You can come at any time.
میں بھی ہوائی جانا چاہتا ہوں۔,I'd like to go to Hawaii as well.
میں بھی ہوائی جانا چاہتی ہوں۔,I'd like to go to Hawaii as well.
پتہ نہیں وہ آئے گا کہ نہیں۔,I wonder if he will come.
پتہ نہیں وہ آئِں گے کہ نہیں۔,I wonder if he will come.
مجھے مچھلی سے الرجی ہے۔,I'm allergic to fish.
میں معذرت چاہتا ہوں۔ میں یہاں اجنبی ہوں۔,I am sorry. I am not from here.
میں معافی چاہتا ہوں۔ میں یہاں اجنبی ہوں۔,I am sorry. I am not from here.
میں نے اس کے دس ڈالر دینے ہے۔,I owe ten dollars to her.
وہ میرے دوست ہیں۔,They are my friends.
وہ میری سہلیاں ہیں۔,They are my friends.
کیا میں جلدی ٹھیک ہو جائو گا؟,Will I get well soon?
کیا میں جلدی ٹھیک ہو جائو گی؟,Will I get well soon?
تم بس دھیان رکھنا کہ یہ ٹوٹے نا۔,You must take care not to break it.
میڈم تھومس ہمیں تاریخ پڑھاتی ہے۔,Miss Thomas teaches us history.
برف پگھل رہی ہے۔,The ice is melting.
جہاز دس منٹ میں اڑ جائے گا۔,The plane takes off in ten minutes.
وہ وہاں دس گھنٹے میں پہنچ جائے گا۔,He'll get there in ten hours.
وہ وہاں دس گھنٹے میں پہنچ جائیں گے۔,He'll get there in ten hours.
میں نے بھاگنے کی کوشش کی۔,I tried to escape.
برائے مہربانی تھوڑا اونچا بولے۔,Please speak more loudly.
برائے مہربانی تھوڑا سا اونچا بولے۔,Please speak more loudly.
اونچا بولو۔,Please speak more loudly.
آواز اونچی کرو۔,Please speak more loudly.
زور سے بولو۔,Please speak more loudly.
محترمہ کینڈا اچھی تیراکی کر لیتی ہے۔,Miss Kanda can swim well.
گاڑی کا حادثہ کیسے پیش آیا؟,How did the car accident come about?
اس گھڑی کو مرمت کی ضرورت ہے۔,This watch needs to be repaired.
جلدی جواب دو۔,"Come on, answer quickly."
یہ کتا ایک آنکھ سے اندھا ہے۔,The dog is blind in one eye.
یہ کارآمد نہیں ہے۔,It's not practical.
اور اپنی کتابیں صفہ نمبر ۱۰ پہ کھولیں۔,And open your textbook at page ten.
غربت نے اسے چوری کرنے پر مجبور کیا۔,Poverty drove him to steal.
کیا تم ڈاکٹر کو بلا سکتے ہو؟,"Could you call a doctor, please?"
کیا آپ ڈاکٹر کو بلا سکتے ہے؟,"Could you call a doctor, please?"
کیا تم ڈاکٹر کو بلا سکتی ہو؟,"Could you call a doctor, please?"
کیا آپ ڈاکٹر کو بلا سکتی ہے؟,"Could you call a doctor, please?"
میں اس کے پلین سے متفک ہوں۔,I agree to his plan.
سانپ زندہ ہے یا مر گیا ہے؟,Is the snake alive or dead?
میں نے اگلے کمرے میں دیکھا۔,I looked into the next room.
میں اکیلے سفر کرنا چاہو گا۔,I would like to travel alone.
میں اکیلے سفر کرنا چاہو گی۔,I would like to travel alone.
وہ آدمی پیری مینسن ہے، ایک وکیل۔,"That man is Perry Mason, the lawyer."
مسلہ ہو جائے گا۔,There'll be a problem.
اسے ایک عجیب خواب آیا۔,He had a strange dream.
اس نے ایک عجیب خواب دیکھا۔,He had a strange dream.
میں یہاں پہلے سے ہوں۔,I'm here already!
میں دکان کے اوپر فلیٹ میں رہتا ہوں۔,I live in a flat above a shop.
میں دکان کے اوپر فلیٹ میں رہتی ہوں۔,I live in a flat above a shop.
میں اپنے خاندان کو سہارا دیتا ہوں۔,I manage to support my family.
میں اپنے خاندان کو سہارا دیتی ہوں۔,I manage to support my family.
غلطی نہ کرنا۔,Don't make a mistake.
کوئی غلطی نہ کرنا۔,Don't make a mistake.
مجھے کافی زیادہ پاسورڈس یاد دکھنے پڑتے ہے۔,I have a lot of passwords to remember.
کین خوش ہے۔,Ken is happy.
فوج کے پاس کافی اسلحہ تھا۔,The troops had plenty of arms.
میں بہت گرم ہوں۔,I'm very hot.
میں ریادہ تر ڈھیڑ سارا دودھ پیتا ہوں۔,I usually drink a lot of milk.
میں کتا رکھتا ہوں۔,I keep a dog.
مجھے صرف ایک دفعہ جانے دے۔,Let me go just once.
بیلجیم فرانس جتنا برا نہیں۔,Belgium is not as big as France.
میری ترجیح سیاہ والا ہے۔,I prefer the black one.
میں سیاہ والے کو ترجیح دوں گا۔,I prefer the black one.
میں سیاہ والے کو ترجیح دوں گی۔,I prefer the black one.
اسلام آباد پاکستان کا دارالحکومت ہے۔,Islamabad is the capital of Pakistan.
میرا نیا قلم گم گیا ہے۔,I have lost my new fountain pen.
میں نئی کار خریدنے لگا ہوں۔,I am going to buy a new car.
میں نے نئی کار خرید لی ہے۔,I bought a new car.
میں نیا طالب علم ہوں۔,I am a new student.
میں نے اسکے متعلق میں اخبار میں پڑھا۔,I read about him in the newspaper.
میں نے حادثے کے متعلق اخبار میں پڑھا۔,I read about the accident in the newspaper.
ہم باری باری سوئے۔,We slept by turns.
تم نے کبھی سنیما میں چیخ ماری ہے؟,Have you ever screamed in a movie theater?
آپ نے کبھی سنیما میں چیخ ماری ہے؟,Have you ever screamed in a movie theater?
اصل میں میں یونیورسٹی ٹیچر ہوں۔,I'm actually a university teacher.
میں جاپان دو سال پہلے آیا تھا۔,I came to Japan two years ago.
وہ اس ملک میں آتی جاتی رہتی ہے۔,She's a frequent visitor to this country.
وہ بھاگا کیوں؟,Why did he run away?
مجھے بہت بڑی درد ہو رہی ہے۔,I have a terrible pain.
میرے لئے پانی کا ایک گلاس لائیں.,Give me a glass of water.
میں نے انہیں اس کو گھیرتے ہوئے دیکھا۔,I saw them surrounding him.
اس کے انگریزی میں ۹۰ فیصد آئے ہے۔,He got 90% in English.
مجھے حیرانی نہیں ہو گی۔,It wouldn't surprise me.
میں ہل نہیں سکتا۔,I can't move.
سارے ڈبے خالی ہیں۔,All the boxes are empty.
میں فٹ بال روزانہ کھیلتا ہوں۔,I play football every day.
میں فٹ بال روزانہ کھیلتی ہوں۔,I play football every day.
میں آج کچھ اچھا محسوس نہیں کر رہا۔,I feel a little bad today.
میں آج کچھ اچھا محسوس نہیں کر رہی۔,I feel a little bad today.
اسے پتہ ہے کہ شیو کیسے کرتے ہے۔,He knows how to shave his beard.
فرانکو کے پاس نیلی جینز ہے۔,Franco has blue jeans.
آسمان میں ایک بھی بادل نہیں تھا۔,There wasn't a cloud in the sky.
آسمان میں ایک بھی بادل نہیں ہے۔,There wasn't a cloud in the sky.
تمہیں پیسے چاہیئے؟,Do you want money?
آپ کو پیسے چاہیئے؟,Do you want money?
کیا تم گرین ٹی پی رہے ہو؟,Are you drinking green tea?
کیا تم گرین ٹی پی رہی ہو؟,Are you drinking green tea?
کیا آپ گرین ٹی پی رہے ہے؟,Are you drinking green tea?
کیا آپ گرین ٹی پی رہی ہے؟,Are you drinking green tea?
کل ملتے ہیں۔,See you tomorrow!
کل ملاقات ہوتی ہے۔,See you tomorrow!
کل ملاقات ہوتی ہے پھر۔,See you tomorrow!
وہ کافی جوان دکھ رہی ہے۔,She looks young.
میں نے اسے تیرنا سکھایا۔,I taught him how to swim.
میں نے اسے تیراکی سکھائی۔,I taught him how to swim.
مستورات حضرات سے پہلے۔,Ladies before gentlemen.
پہلے عورتیں۔,Ladies before gentlemen.
اس معاملے میں تم غلط ہو۔,You're wrong in this case.
اس معاملے میں آپ غلط ہے۔,You're wrong in this case.
سوزن آج کل بہت محنت کر رہی ہے۔,Susan is working very hard these days.
سب کھائو۔,Eat everything.
سب کھا لو۔,Eat everything.
تم شاید جیتو شاید نہ جیتو۔,You may or may not win.
میں کوئی ۱ میل چلا۔,I walked about 1 mile.
ٹام کو پنیر نہیں پسند۔,Tom does not love cheese.
وہ اس کتے کا خیال نہیں رکھتے۔,They don't take care of that dog.
وہ بینچ پہ لیٹا ہوا ہے۔,He is lying on the bench.
ٹام نے پیزہ آرڈر کیا۔,Tom ordered pizza.
کتاب میری بہترین دوست ہے۔,My best friend is a book.
پتلی رہو۔,Stay thin.
پتلے رہو۔,Stay thin.
موٹی نہ ہونا۔,Stay thin.
موٹے نہ ہونا۔,Stay thin.
پڑھتے رہو۔,Keep reading.
اور پڑھو۔,Keep reading.
آگے پڑھو۔,Keep reading.
آپ کا کیا خیال ہے، ویسٹ صاحبہ؟,"What do you think, Miss West?"
ہم چائے میں چینی ڈال کے پیتے ہیں۔,We sugar our tea.
ہم چائے میں چینی ملا کے پیتے ہیں۔,We sugar our tea.
ہم چائے میں چینی ڈالتے ہیں۔,We sugar our tea.
ہم چائے میں چینی ملاتے ہیں۔,We sugar our tea.
وہ اکیلے رو رہی تھی۔,She was weeping alone.
یہ ایک معجزہ ہے۔,It's a miracle!
پیار اندھا ہوتا ہے۔,Love is by nature blind.
اس نے کہا اور کام نہیں۔,She said no more work.
عبرانی میری مادری زبان ہے۔,Hebrew is my mother tongue.
ٹونی مجھ سے بہتر انگریزی بولتا ہے۔,Toni speaks English better than me.
تمھارے پاس اتنا تجربہ نہیں ہے۔,You don't have enough experience.
اردو میری مادری زبان ہے۔,Urdu is my mother tongue.
فرانسیسی میری مادری زبان ہے۔,French is my mother tongue.
فرانسیسی اس کی مادری زبان ہے۔,French is her mother tongue.
فرانسیسی ان کی مادری زبان ہے,French is her mother tongue.
فرانسیسی ان کی مادری زبان ہیں۔,French is their mother tongue.
تمھاری مادی زبان کیا ہے؟,What is your mother tongue?
آپ کی مادی زبان کیا ہے؟,What is your mother tongue?
میری مادری زبان جاپانی ہے۔,My mother tongue is Japanese.
اردو ہماری مادری زبان ہے۔,Urdu is our mother tongue.
جاپانی ہماری مادری زبان ہے۔,Japanese is our mother tongue.
فرانسیسی ان کی مادری زبان ہے۔,French is his mother tongue.
اردو اس کی مادری زبان ہے۔,Urdu is her mother tongue.
ہسپانوی اس کی مادری زبان ہے۔,Spanish is his mother tongue.
اردو ان کی مادری زبان ہے۔,Urdu is her mother tongue.
ہسپانوی ان کی مادری زبان ہے۔,Spanish is his mother tongue.
انگریزی میری مادری زبان ہے۔,English is my mother tongue.
میری مادری زبان ہسپانوی ہے۔,My mother tongue is Spanish.
اطالوی میری مادری زبان ہے۔,Italian is my mother tongue.
انگریزی میری مادری زبان نہیں ہے۔,English is not my mother tongue.
جاپانی میری مادری زبان ہے۔,Japanese is my mother tongue.
میری مادری زبان پولش ہے۔,My mother tongue is Polish.
عربی میری مادری زبان ہے۔,Arabic is my mother tongue.
ہم ہر روز ٹیننس کھلتے ہیں.,We play tennis every day.
کیا آپ پولکے والے ہیں?,Are you a policeman?
میں ایسا دوبارہ ہرگز نہیں کرونگی.,I'll never do it again.
مجھے لگ رہا ہے کہ بخار ہے۔,I seem to have a fever.
وہ عقلمند لڑکا ہے۔,He's a smart boy.
مجھے کال مت کرنا۔,Don't call me.
زمین بارش کے بعد گیلی ہو چکی ہے۔,The ground is wet after rain.
ٹام نے مریم کو دیکھا۔,Tom saw Mary.
یہ افواہ کی صداقت کو ثابت کرتی ہے۔,It proved the truth of the rumor.
مجھے تیراکی پسند ہے۔,I like to swim.
سب کو میک پسند ہیں۔,Everyone loves Mac.
سب میک کو پسند کرتے ہیں۔,Everyone loves Mac.
میں پیرس گیا ہوا ہوں۔,I have been to Paris.
وہ سارا دن کام کوتا رہا ہے۔,He has been working all day long.
وہ پورا دن مصروف رہا ہے۔,He has been working all day long.
پہت خوب۔,Good job!
وہ ڈاکٹر نہیں ہے۔,He is not a doctor.
تم اکیلے ہو یا کسی کے ساتھ ہو؟,Are you by yourself or with someone?
ٹام فٹبال ٹیم کو لیڈ کرتا ہے۔,Tom leads the soccer team.
قصور میرا ہے۔,I'm the one to blame.
الزام مجھے دیا جائے۔,I'm the one to blame.
تم یہاں کافی مصروف لگ رہے ہو۔,You seem pretty busy here.
ٹام نے مریم کی تصویر بنائی۔,Tom painted a picture for Mary.
ہمیں جلدی سے کچھ کرنا ہوگا۔,We have to act quickly.
مجھے پتا ہے کہ تم امیر ہو۔,I know that you are rich.
مجھے پتا ہے کہ آپ امیر ہے۔,I know that you are rich.
میں جانتا ہوں کہ تم امیر ہو۔,I know that you are rich.
میں جانتا ہوں کہ آپ امیر ہے۔,I know that you are rich.
کیا وہ کالا بیگ تمہارا ہے؟,Is that black bag yours?
کیا وہ کالا بیگ آپ کا ہے؟,Is that black bag yours?
میں اور زیادہ نہیں لڑ سکتا۔,I can't fight any longer.
چھوٹے بچے زیادہ الفاظ نہیں جانتے۔,Very young children don't know many words.
نیا سال مبارک۔,Happy New Year!
تم بہت پتلی ہو۔,You are too skinny!
تم بہت پتلے ہو۔,You are too skinny!
تم سوکھی تیلی ہو۔,You are too skinny!
یوکو ایک جاپانی نام ہے۔,Yoko is a Japanese name.
لائنوں کے درمیان زیادہ فاصلہ دو۔,Leave more space between the lines.
آرام سے کام کرو۔,Work slowly.
ٹام تم سے نفرت کرتا ہے۔,Tom hates you.
ٹام آپ سے نفرت کرتا ہے۔,Tom hates you.
اس کے خیالات کو سمجھنا آسان نہیں ہے۔,It's not easy to understand his ideas.
میں گھر میں ہوں۔,I'm in the house.
میں گھر پہ ہوں۔,I'm in the house.
ڈاکٹر ابھی موجود نہیں ہے۔,The doctor is not available now.
انگریزی پوری دنیا میں پڑھای جاتی ہے۔,English is studied all over the world.
میں اپنا وزن کر رہا ہوں۔,I am weighing myself.
میں اپنا وزن کر رہی ہوں۔,I am weighing myself.
وہ اپنی بوڑھی ماں کا خیال رکھتی ہے۔,She takes care of her old mother.
وہ اپنی بوڑھی والدہ کا خیال رکھتی ہے۔,She takes care of her old mother.
ہماری زندگیاں بغیر بجلی کے کیسی ہونگی؟,What would our lives be like without electricity?
میں سائیکل چلا لوں؟,May I ride a bicycle?
ابھی ختم کیا ہے۔,Just finished it.
میں جنوبی کوریا جانا چاہو گا۔,I would like to visit South Korea.
وہ اس کی بیوی ہو گی۔,That woman must be his wife.
میں اپنی پوری کوشش کر رہا ہوں۔,I am trying my level best.
میں اپنی پوری کوشش کرتا ہوں۔,I do my best.
ہم جیتے گے۔,We'll win.
ہم انتظار کرے گے۔,We'll wait.
ہم کوشش کرے گے۔,We'll try.
ہم مدد کرے گے۔,We'll help.
ہم ناچے گے۔,We'll dance.
ہم رقص کرے گے۔,We'll dance.
ہم جیت گئے۔,We won.
ہم نے بات کی۔,We talked.
ہم ہار گئے۔,We lost.
ٹام جوان ہے۔,Tom's young.
ٹام غلط ہے۔,Tom's wrong.
ٹام بوریت کا شکار ہو رہا ہے۔,Tom's bored.
ٹام مر چکا ہے۔,Tom's dead.
ٹام بہرہ ہے۔,Tom's deaf.
ٹام مر گیا ہے۔,Tom's died.
ٹام نشہ میں ہے۔,Tom's drunk.
ٹام تیز ہے۔,Tom's fast.
ٹام موٹا ہے۔,Tom's fat.
ٹام آذاد ہے۔,Tom's free.
میں ٹام کا بچپن کا دوست ہوں۔,I'm a childhood friend of Tom's.
میں ٹام کا لنگوٹیا یار ہوں۔,I'm a childhood friend of Tom's.
مجھے چائے پسند ہے۔,I like tea.
میں یہاں رہتا ہوں۔,I live here.
میں ادھر رہتا ہوں۔,I live here.
ٹام چلا گیا ہے۔,Tom's gone.
میں اس سے پیار کرتا ہوں۔,I love her.
مجھے روک پسند ہے۔,I love rock.
مجھے تم سے پیار ہے۔,I love you.
میں تم سے محبت کرتا ہوں۔,I love you.
مجھے تمھاری ضرورت ہے۔,I need you.
مجھے آپ کی ضرورت ہے۔,I need you.
کیا یہ سفید ہے؟,Is it white?
یہ ظہرانے کا وقت ہے۔,It's lunch time.
یہ دوپہر کے کھانے کا وقت ہے۔,It's lunch time.
وہ سستا لگتا تھا۔,It looked cheap.
ٹام ادھر ہے۔,Tom's here.
ٹام گھر پہ ہے۔,Tom's home.
ٹام زخمی ہے۔,Tom's hurt.
ٹام ناراض ہے۔,Tom's mad.
ٹام صحیص ہے۔,Tom's right.
ٹام اداس یے۔,Tom's sad.
شاید برفباری ہو جائے۔,It may snow.
ٹام محفوظ ہے۔,Tom's safe.
ٹام ڈرا ہوا ہے۔,Tom's scared.
ٹام شرمیلا ہے۔,Tom's shy.
ٹام بیمار ہے۔,Tom's sick.
ٹام عقل مند ہے۔,Tom's smart.
ٹام عجیب ہے۔,Tom's strange.
ٹام طاقتور ہے۔,Tom's strong.
شاید بارش ہو جائے۔,It may rain.
مجھے تم پر بھروسہ ہے۔,I trust you.
کونسے دانت میں درد ہے؟,Which tooth hurts?
میرا ہاتھ تھامو۔,Grab my hand.
میرا ہاتھ پکڑو۔,Grab my hand.
مجھے مدد کی ضرورت ہے۔,I need help.
حوصلہ مت کھونا۔,Don't lose heart.
مایوس نہ ہونا۔,Don't lose heart.
میں نہیں ہاروں گا۔,I won't lose!
زندگی مشکل ہے۔,Life is hard.
زنگی پھولوں کا سیج نہیں۔,Life is hard.
مجھے اندر آنے دو۔,Let me in.
ٹام تھکا ہوا ہے۔,Tom's tired.
ٹام پھنسا ہوا ہے۔,Tom's trapped.
ٹام اٹھ چکا ہے۔,Tom's up.
ٹام کمزور ہے۔,Tom's weak.
ٹام ٹھیک ہے۔,Tom's well.
میں بیمار ہوں۔,I am sick.
میں چاہتا ہوں کہ تم ٹام کو ڈھونڈو۔,I want you to look for Tom.
میں ٹام اور مریم کا دوست ہوں۔,I'm a friend of Tom and Mary's.
میری اس سے ملاقات میکسیکو میں ہوئی تھی۔,I met her during my stay in Mexico.
ٹام کو شطرنج پسند نہیں ہے۔,Tom doesn't like chess.
اس کی گاڑی دو سال پرانی ہے۔,His car is two years old.
ان کی گاڑی دو سال پرانی ہے۔,His car is two years old.
اس کلاس میں کتنے لڑکے ہیں؟,How many boys are in this class?
وہ باورچی خانے میں ہے۔,It is in the kitchen.
میں دریا میں تیراکی کرنے گیا تھا۔,I went swimming in the river.
میرے چاچا نے مجھے یہ گھڑی دی تھی۔,My uncle gave me this watch.
میرے تایا نے مجھے یہ گھڑی دی تھی۔,My uncle gave me this watch.
میرے ماموں نے مجھے یہ گھڑی دی تھی۔,My uncle gave me this watch.
میرے پھپھا نے مجھے یہ گھڑی دی تھی۔,My uncle gave me this watch.
میرے خالو نے مجھے یہ گھڑی دی تھی۔,My uncle gave me this watch.
میں کل چھٹی کر ریا ہوں۔,I am taking tomorrow off.
مجھے نہیں لگتا کہ وہ مخلص ہے۔,I don't think he is sincere.
وہ گھر ایک ہفتہ بعد ہی گر گیا۔,The house fell down one week later.
یہ گھر ایک ہفتہ بعد ہی گر گیا۔,The house fell down one week later.
تمہارے سونے کا وقت ہو گیا ہے۔,It's your bedtime.
میں انکار نہ کر سکا۔,I couldn't refuse.
میں انکار نہ کر سکی۔,I couldn't refuse.
اس نے آج کیا کیا؟,What did she do today?
انہیوں نے آج کیا کیا؟,What did she do today?
تم نے پھول کہاں سے خریدے؟,Where did you buy flowers?
آپ نے پھول کہاں سے خریدے؟,Where did you buy flowers?
کیوں؟ کیا ہوا؟,Why? What's wrong?
میری پتلون بہت چھوٹی ہے۔,My pants are too short.
ٹام ہمیشہ تیز کافی پیتا ہے۔,Tom always drinks his coffee strong.
ہم عشائیہ باہر کر رہے ہیں۔,We are eating dinner outdoors.
ہم رات کا کھانا باہر کھا رہے ہیں۔,We are eating dinner outdoors.
جلدی اٹھنا صحت کے لئیے اچھا ہوتا ہے۔,Early rising is good for the health.
ایسٹر مبارک ہو!,Happy Easter!
اس نے جو کیا وہ غلط تھا۔,What he did was wrong.
تم کس کے ساتھ جا رہے ہو؟,Who are you going with?
تم کس کے ساتھ جا رہی ہو؟,Who are you going with?
آپ کس کے ساتھ جا رہے ہے؟,Who are you going with?
آپ کس کے ساتھ جا رہی ہے؟,Who are you going with?
وہ جانور بھوک سے مر گیا۔,The animal died from hunger.
موسم ہر وقت بدلتا رہتا ہے۔,Weather changes often.
ہمیں سزائے موت ختم کر دینی چاہئیے۔,We should abolish the death penalty.
مجھے ایک اور گاڑی کی ضرورت نہیں ہے۔,I don't really need another car.
میں دو گھنٹے سے زیادہ انتظار کرتا رہا۔,I waited more than two hours.
تم یہاں بیٹھ سکتے ہو۔,You may sit here.
آپ یہاں بیٹھ سکتے ہے۔,You may sit here.
انہوں نے جاپانی شہریت حاصل کرلی۔,They became citizens of Japan.
وہ کبھی کبھار امید کھو دیتا ہے۔,He sometimes loses hope.
اس کی نئ گاڑی بہت خوبصورت ہے۔,His new car is a beauty.
تم اس سے شادی نہیں کر سکتے۔,I'm afraid you can't marry her.
ٹام کی اب طبیعت کیسی ہے؟,How does Tom feel?
اپنی دائیں آستین کو اوپر چڑھائو۔,Roll up your right sleeve.
تم حقیقت پسند ہو۔,You're realistic.
آپ حقیقت پسند ہے۔,You're realistic.
بس یہ اسی طرح ہے۔,That's just the way it is.
میں اگلے ہفتے یورپ جا رہا ہوں۔,I'm going to Europe next week.
میں اگلے ہفتے یورپ جا رہی ہوں۔,I'm going to Europe next week.
اس نے اپنے کمرے میں نظر دہرائی۔,She looked about in her room.
وہ انگریزی جرمن لہجہ میں بولتا ہے۔,He speaks English with a German accent.
تمہاری امی بس آتی ہونگی۔,Your mother will be back before long.
تمہاری ماں بس راستے میں ہو گی۔,Your mother will be back before long.
مجھے تلاش مت کرنا۔,Don't look for me.
فریڈ ہمیشہ جھوٹ بولتا ہے۔,Fred is always telling lies.
مجھ سے شادی کروگی؟,Will you marry me?
مجھ سے شادی کروگے؟,Will you marry me?
ایک ہاتھ سے تالی نہیں بجتي.,You can't clap with just one hand.
مجھے نفرت ہے اُس کتاب سے۔,I hate that book.
مجھے فلمیں پسند ہے۔,I love movies.
تم یہ کتاب کیوں پھاڑ رہے ہوں؟,Why are you tearing this book?
آپ یہ کتاب کیوں پھاڑ رہے ہے؟,Why are you tearing this book?
میں اس کو ثابت کر سکتا ہوں۔,I can confirm this.
ٹام اور مریم آنا چاہتے ہیں۔,Tom and Mary want to come over.
اس نے ایک لمبی زندگی گزاری۔,He lived a long life.
فرانسیسی ڈبر روٹی بہت مزیدار یے۔,French bread is delicious.
وہ زیادہ ذہین ہے۔,They are more intelligent.
مجھے لغت لا کے دو۔,Bring me the dictionary.
یہاں لغات اور لغات ہے۔,There are dictionaries and dictionaries.
اپ کو لغت استعمال کرنا آتی ہے؟,Do you know how to use a dictionary?
کیا تم اپنی لغت ادھار دے سکتے ہو؟,Will you lend me your dictionary?
کیا آپ اپنی لغت ادھار دے سکتے ہے؟,Will you lend me your dictionary?
الفاظوں کو لغت میں ڈھونڈو۔,Look up the words in your dictionary.
میز کے اوپر پڑی پوئی لغت میری ہے۔,The dictionary on the desk is mine.
سچائی ہی جیتتی ہے.,Truth alone triumphs.
سچائی کہ ہی جیت ہوتی ہے.,Truth alone triumphs.
ايمان، اتحاد، نظم.,"Faith, unity, discipline."
میری بات کا یہ مطلب نہیں تھا .,That's not what I meant.
راجندرہ پرساد بھارت کے پہلے صدر تھے.,Rajendra Prasad was the first president of India.
مجھے انڈے پسند نہیں,I dislike eggs.
کتنی دیر آپ نے قیام کیا تھا؟,How long did you stay?
چلو یہ کرتے ہیں۔,Let's do it.
چلو اسے ازماتے ہیں۔,Let's try it.
آئیے ہم کوشش کریں!,Let's try!
میں سونے کیلئے بستر پر لیٹ چکا ہوں,I have to go to bed.
تم کیا کر رہے ہو ؟,What are you doing?
تم کیا کرتے ہو ؟,What do you do?
تم کیسے کر رہے ہو ؟,How are you doing?
آپ ٹھیک کر رہے ہیں؟,Are you doing fine?
کيسا چل رہا ہے ؟,How is it going?
آپ کیا بناتے ہو ؟,What do you make?
آپ کیسے ہو ؟,How are you?
آپ کا کیا حال ہے ؟,How are you?
تم ٹھیک ہو؟,You all right?
کیا تم ٹھیک ہو؟,Are you all right?
کیا سب کچھ ٹھیک ہے؟,Is everything OK?
سالگیرہ مبارک ہو موریال ۔,"Happy birthday, Muiriel!"
میں ابھی واپس آجاؤنگا ۔,I'll be right back.
میں جلدی داپس آجاؤنگا ۔,I'll be back soon.
میں فوراً لوٹ آؤنگا ۔,I'll return immediately.
مجھے کوئی اندازہ نہیں ہے ۔,I have no idea.
میں نہیں جانتا ۔,I don't know.
وہ مجھے نہیں معلوم ۔,I don't know that.
مجھے نہیں پتا کیا کہنا ہے ۔,I don't know what to say.
یہ کبھی ختم نہ ہوگی ۔,This is never going to end.
مجھے کیا کہنا چاہیے؟,What should I say?
مجھے ابھی نہیں پتا کیا کہنا ہے ۔,I just don't know what to say.
. میں پہاڑوں پر تھا.,I was in the mountains.
یہ ایک حالیہ تصویر ہے؟,Is it a recent picture?
تم میرا دوست ہو,You are my friend.
وہ کھیلوں میں کافی بڑی ہے۔,She is bad at sports.
پیو کم اور سو زیادہ۔,Drink less and sleep more.
ٹام اور مریم دونوں تیراکی جانتے ہیں۔,Tom and Mary both know how to swim.
میرا خیال ہے یہ ممکن ہے۔,I suppose that's possible.
مجھے پتہ ہے کہ تمہیں کافی پسند ہے۔,I know you like coffee.
میں جانتا ہوں کہ تمہیں کافی پسند ہے۔,I know you like coffee.
مجھے یہ نہیں یاد۔,I don't remember that.
اس نے میرے منہ پہ ہی جھوٹ بولا۔,He lied to my face.
تم فارغ کب ہو گے؟,When are you free?
آپ فارغ کب ہوں گے؟,When are you free?
انگریزی کے علاوہ وہ ریاضی بھی پڑھاتا ہے۔,"Apart from English, he also teaches math."
میری بائسیکل کو مرمت کی ضرورت ہے۔,My bicycle is in need of repair.
ٹام نے اسے نیچے گرا دیا۔,Tom knocked him down.
کمرے سیاہ ہے۔,The room is dark.
پاسورڈ طویل ہے۔,The password is long.
اجے غریب ہے.,Ajay is poor.
میرا باپ چین کو جا رہا ہے۔,My father is going to China.
کیا ٹائم ہے ؟,What time is it?
میں اسکول جانا نہیں چاہتا ہوں۔,I don't want to go to school.
ایسے آپ کیہ کھو گے؟,What do you call this?
میرا نام ایمیلی ہے۔,My name is Emily.
بہت سے جزیرے سمندر میں موجود ہیں۔,There are islands in the sea.
کل ہمیں اک انگریزی میل خت ملایا۔‌,I received a letter in English yesterday.
میل ویسا ادمی نہیں,I'm not that kind of guy.
سب لڑکے بھاگ گیے,All the boys ran away.
فرانس مغربی یورپ میں ہے.,France is in Western Europe.
مجھے اس کی آنکھوں میں آنسو نظر آئے۔,I saw tears in his eyes.
میری چابی گم ہو گئی ہے۔,I've lost my key.
ان کے تین بچے ہے۔,They have three children.
میرے چار بچے ہے۔,I have four children.
میں ایک طالب علم ہوں۔,I am a student.
میری ابھی شادی نہیں ہوئی۔,I am not married yet.
میں نے یہ سویٹر کل خریدا تھا۔,I bought this sweater yesterday.
آئو ٹام کا شکریہ ادا کرے۔,Let's thank Tom.
میرے شہر کا نام جہلم ہے۔,The name of my city is Jhelum.
تمہیارے برآمدے میں میز ہے؟,Do you have a table on the patio?
ہمیں یہ کرنا چاہئیے۔,We should do it.
مجھے کھیل پسند ہے۔,I like sports.
ٹام ٹھیک ہو رہا ہے۔,Tom is going to get better.
ٹام صحت یاب ہو رہا ہے،,Tom is going to get better.
ٹام صحت یابی کی طرف بڑھ رہا ہے۔,Tom is going to get better.
مجھے تمہارا سکارف پسند آیا ہے۔,I like your scarf.
مجھے تمہارا سکارف اچھا لگا ہے۔,I like your scarf.
تم جہاں جانا چاہو جا سکتے ہو۔,You can go wherever you want.
تم جدھر بھی جانا چاہو جا سکتے ہو۔,You can go wherever you want.
تم جہاں جانا چاہو جا سکتی ہو۔,You can go wherever you want.
تم جدھر بھی جانا چاہو جا سکتی ہو۔,You can go wherever you want.
پولیس نے اس کو رنگے ہاتھوں پکڑ لیا۔,The police caught him red handed.
تم کافی بیمار لگ رہے ہو۔,You don't look so good.
تم اچھے نہیں لگ رہے۔,You don't look so good.
وہ دیکھنے میں کافی سادی لگ رہی ہے۔,She's a plain looking girl.
تم تیراکی نہیں کر سکتے۔,You can't swim.
تمہیں تیراکی نہیں آتی۔,You can't swim.
آپ کو تیرنا نہیں آتا۔,You can't swim.
تمہیں تیرنا نہیں آتا۔,You can't swim.
ٹام کی ایک بیٹی ہے مریم۔,Tom has a daughter named Mary.
ٹام کی ایک بیٹی کا نام ہے مریم۔,Tom has a daughter named Mary.
اس بیچاری لڑکی نے آنسو بہائے۔,The poor girl shed tears.
میں ہی بیواقوف تھا۔,I've been foolish.
میری کم عقلی تھی۔,I've been foolish.
انہوں نے گفتگو کا آغاز کیا۔,They entered into a discussion.
انہوں نے گفتگو شروع کی۔,They entered into a discussion.
تمہیں سب کچھ نہیں مل سکتا۔,You can't have everything.
تم سب کچھ حاصل نہیں کر سکتے۔,You can't have everything.
کیا تمہیں ٹام سے پیار ہو رہا ہے؟,Are you falling for Tom?
ٹام ناخوش لگ رہا ہے۔,Tom looks unhappy.
ٹام خوش نہیں لگ رہا۔,Tom looks unhappy.
وہ سکون سے رہ رہا ہے۔,He lives comfortably.
وہ ایک آرامدہ زندگی گزار رہا ہے۔,He lives comfortably.
یہ یِنگ لی ہے۔,It's Ying Li.
میں کہ رہا ہوں رکو،,"I told you to stop, didn't I?"
اطالویوں کے مطابق، مترجمان غدار ہوتے ہیں۔,"According to the Italians, translators are traitors."
اطالوی کہتے ہیں کہ ترجمان غدار ہوتے ہیں۔,"According to the Italians, translators are traitors."
کتنی ٹیمیں ہیں؟,How many teams are there?
"مگر سب سے پہلے ہم ""سلام"" کرتے ہیں۔","But the first thing we say is ""hello."""
مجھے کافی پسند ہے۔,I like coffee.
اس میں تھوڑا وقت لگے گا۔,This will take some time.
اس میں تھوڑا وقت درکار ہے۔,This will take some time.
برائے مہربانی ایک منٹ انتظار کیجئیے!,"Wait a minute, please!"
ایک منٹ ٹھہر جائو۔,"Wait a minute, please!"
کسی نے اُس سے بات کی ہے؟,Has anybody spoken with him?
تمہیں بڑی زور کی لگی ہے۔,You got hit hard.
آپ کو بڑی زور کی لگی ہے۔,You got hit hard.
ٹام قیمتی وسائل کا ضیاع کر رہا ہے۔,Tom is wasting resources.
ٹام قیمتی وسائل کو ضائیع کر رہا ہے۔,Tom is wasting resources.
اس نے میرے ہاتھ کو تھام لیا۔,He caught me by the hand.
اس نے مجھے میرے ہاتھ سے پکڑ لیا۔,He caught me by the hand.
تمہیں اس کو راز رکھنا ہوگا، ٹھیک ہے؟,"You've got to keep this secret, OK?"
میں یہ نہیں کہنا چاہتا تھا۔,This is not what I wanted to say.
کوئی بھی میرا ملک نہیں بھولتا۔,Nobody forgets my country.
وہ پھر سے پہلے جیسی ہو گئی ہے۔,She is herself again.
ہم ظہرانہ کھا رہے ہیں۔,We're having lunch.
اسی چیز کے ہونے کی مجھے امید تھی۔,That's exactly what I expected to happen.
میں ماضی کو زیادہ کریدنا نہیں چاہتا۔,I don't want to dredge up the past.
گلابوں کی خوشبو بہت اچھی ہے۔,The roses smell good.
تمہیں ان کو سچ بتانا ہو گا۔,You must tell them the truth.
تمہیں ان کو حقیقت سے آگاہ کرنا ہوگا۔,You must tell them the truth.
تم اُن کو سچ بتائو۔,You must tell them the truth.
تم اب پیچھے نہیں ہٹ سکتے۔,You can't back out on me now.
میرے پاس زیادہ وقت نہیں ہے۔,I do not have much time.
آج ریل گاڑی پورے ٹائم پہ تھی۔,The train was on time today.
آج ریل کاڑی وقت پہ پہنج گئی تھی۔,The train was on time today.
لکڑی آرام سے جل جاتی ہے۔,Woods burn easily.
میں ڈھائی بجے وہاں پہنچ جائوں گا۔,I'll get there at about 2:30.
مجھے مزہ آرہا ہے۔,I'm enjoying this.
تمہیں مجھے بتانا ہوگا۔,You must tell me.
تم مجھے بتائو۔,You must tell me.
تم مجھے یہ بتائو۔,You must tell me.
سردی ہو یا گرمی، وہ پہنج جائے گا۔,"He'll be there, rain or shine."
ٹام نے بیمار ہونے کا ڈرامہ کیا۔,Tom pretended he was sick.
ان سے ناراض نہ ہو۔,Don't get angry with them.
وہ اس کے بارے میں فکر مند ہیں۔,They're concerned about him.
دو بجے ٹھیک ہوگا؟,Would two o'clock be all right?
میں ٹام کے ساتھ یہ نہیں کر سکتا۔,I can't do this to Tom.
میں ٹام کے ساتھ یہ نہیں کر سکتی۔,I can't do this to Tom.
ٹام اور میں دونوں ہی مصروف ہیں۔,Tom and I are both busy.
اس کو لوگوں پہ دھونس جمانا پسند ہے۔,He just loves to bully people.
جلنا بند کرو۔,Stop acting jealous.
میں کبھی دوبارہ تمہاری شکل نہیں دیکھنا چاہتا۔,I don't want to see you again.
میں کبھی دوبارہ تمہاری شکل نہیں دیکھنا چاہتی۔,I don't want to see you again.
میں ہنسے بغیر نہیں رہ سکتا تھا۔,I couldn't keep from snickering.
میں ہنسے بغیر نہیں رہ سکتی تھی۔,I couldn't keep from snickering.
میں تمہارے بھائی سے بڑا ہوں۔,I am older than your brother.
میں تمہارے بھائی سے بڑی ہوں۔,I am older than your brother.
میں آپ کے بھائی سے بڑا ہوں۔,I am older than your brother.
میں آپ کے بھائی سے بڑی ہوں۔,I am older than your brother.
میں ہمیشہ سے وہ کتاب پڑھنا چاہتا تھا۔,I've always wanted to read that book.
میں ہمیشہ سے وہ کتاب پڑھنا چاہتی تھی۔,I've always wanted to read that book.
میں نے ٹام کا کافی دیر انتظار کیا۔,I waited for Tom for a long time.
ٹام کبھی تمہیں دکھ نہیں دے گا۔,Tom would never hurt you.
اور کوئی طریقہ نہیں ہے۔,No other way.
میں اپنا کمرہ روزانہ صاف کرتا ہوں۔,I clean my room almost every day.
مجھے سڑک پہ ایک ڈالر گرا ہوا ملا۔,I found a dollar in the street.
میں ٹام کو گھر لے جاتا ہوں۔,I'll take Tom home.
میں بالکل اسی بارے میں سوچ رہا تھا۔,It's exactly what I was thinking about.
میں بالکل اسی بارے میں سوچ رہی تھی۔,It's exactly what I was thinking about.
سارے بڑے غور سے سن رہے تھے۔,Everyone was listening very carefully.
ٹام اور مریم کی منگنی ہوگئی ہے۔,Tom and Mary are engaged.
ٹام کو کچھ ہو گیا ہے۔,Something's happened to Tom.
بہار کا موسم آتے ہی برف پگھل گئی۔,The snow melted away when spring came.
بہت بڑا دن گزرا آج۔,I've had a lousy day.
کاش میں ابھی بوسٹن میں ہوتا۔,I wish I could be in Boston now.
ٹیکسی انتظار کر رہی ہے۔,A cab is waiting.
مجھے کچھ دن دو۔,Give me a day or two.
یہ زندگی کی حقیقت ہے۔,It's a fact of life.
ایک بچہ گُم ہو گیا ہے۔,A child is missing.
مجھے ایک قرض چکانا ہے۔,I have a debt to pay.
کافی تیز بارش ہوئی۔,A heavy rain fell.
ایک محافظ باہر ہے۔,A guard is outside.
چند دن کی چھٹی لے لو۔,Take a few days off.
ہمیں یہ کام کرنا ہے۔,We have a job to do.
یہ دیکھو۔,Take a look at these.
یہ دیکھیں۔,Take a look at these.
اس کے اندر دیکھو۔,Take a look in there.
وہاں دیکھو۔,Take a look in there.
کافی کچھ ہو گیا ہے۔,A lot has happened.
میں کافی زیادہ گوشت کھاتا ہوں۔,I eat a lot of meat.
یہاں گند مچا ہوا ہے۔,It's a mess in here.
یہ پیو۔,Take a sip of this.
میرے لئیے بھی ایک ٹکٹ لینا۔,Get a ticket for me.
ٹام سے پوچھ لو۔,Go ahead and ask Tom.
میں نے خریدنے کے لئیے حامی بھری۔,I agreed to buy it.
ہم سارے کافی زیادہ روئے۔,We all cried a lot.
وہ ایک جھوٹ تھا۔,It was all a big lie.
تمہیں یہاں نہیں کھانا چاہئیے۔,You shouldn't eat here.
کون چاہے گا کہ وہ مر جاَئے۔,Who would want them dead?
اس نے تیس ہزار ڈالر کمائے۔,She made thirty thousand dollars.
کیا کوئی فرق پڑتا ہے؟,Does that matter?
اِس کو کیا بلاتے ہے؟,What does one call this?
یہ گھر کافی بڑا ہے۔,This house is very spacious.
وہ مکھیوں کی طرح کام کر رہیں ہیں۔,They worked like so many bees.
کیا وقت ہوا ہے؟,What time is it?
ہمین اپبا فر,We do our duty.
دوسرون کی مدد کرنا سیکھو,Learn to help others.
اب نہیں تو، کب؟,"If not now, when?"
وہ گوشت کھاتے ہیں۔,They eat meat.
پگڑیاں أہم ہیں سکھ مذہب میں۔,The turban is important in Sikhism.
وہ ٹام کو معلوم نہیں ہے۔,Tom doesn't know that.
مجھے اِنتظار کرنے میں کوئی اعتراض نہیں ہے۔,I don't mind waiting.
آپ چُپچاپ سنتے کیوں نہیں؟,Why don't you be quiet and listen?
ہندی اور اردو ایک ہی زبان ہیں۔,Hindi and Urdu are one language.
میرا نام راہل ہے۔,My name is Rahul.
ہر حال میں۔,That's for sure.
ٹام نے کمرے کے چاروں اور دیکھے۔,Tom looked around the room.
وہ پیڑ سے اُترا۔,He climbed down from the tree.
وقت آیا کہ میرا خواب أصلی ہو گئا۔,It's time my dream came true.
آپ أپنے چائے میں چینی ڈالتے ہیں؟,Do you put sugar in your tea?
کافی وہاں ہے أگر آپ کو چاہئے ہے۔,There's coffee over there if you want it.
ٹام کا جرم کیا ٹا؟,What was Tom's crime?
مجھے أپنی چابی کو ڈھونڈنے کی ضرورت ہے۔,I must find my key.
اس نے اس کو کچھ پیسے مانگے۔,She asked him for some money.
کیا آپ شادی کبھی کریں گے؟,Are you ever going to get married again?
مجھے آپ کی ٹوپی بہت پسند ہے۔,I love your hat.
میں ٹام کے لئے خوش ہوں۔,I was happy for Tom.
میں نتیجے کے بارے میں بیتاب ہوں۔,I was curious about the result.
اسکول میں دو ہزار طلابِ علم ہے۔,"There are 2,000 students in the school."
ڈیبی! کیا آپ مجھے سن رہی ہیں؟,Debbie! Can you hear me?
میں راستے میں ہوں أبھی۔,I'm on my way now.
وہ تھوڑا خوبصورت ہے۔,He's kind of cute.
شک کی کوئی گنجائش نہیں رہی ہے۔,There is no longer any room for doubt.
آپ مجھے پسند نہیں رھے ہو۔,I no longer like you.
ٹام أور میری کہاں رہتے ہیں؟,Where do Tom and Mary live?
آپ اتنے پرسکون کیسے ہو سکتے ہیں؟,How can you be so calm?
ٹام غریب ہے لیکن وہ خوش ہے۔,"Tom is poor, but he's happy."
کیا وہ ٹھیک ہے؟,Is he alright?
رہنما لوگ سماج کی خدمت کرتے ہیں۔,Leaders serve society.
میں کل ضرور آؤوں گا۔,I'll certainly come tomorrow.
کیا آپ میرے بال بنائیں؟,Can you please do my hair?
کاش میں جوان ہوتا!,I wish I were young.
ہمیشہ اپنی نیت صاف رکھو.,Always keep your intentions clean.
کوشش کرنے میں کیا ہرج ہے,What is the harm in trying?
کتنے بد تمیز ہو تم!,How rude of you!
مریم کو سیاست میں دلچسپی ہے۔,Mary is interested in politics.
ٹام نے بہت سارا کباڑ جمع کیا ہے۔,Tom has accumulated a lot of junk.
میں نے اس کو دیکھ کر پہچانا۔,"Having seen him before, I recognized him."
آپ کس طرح کا کام کریں گے؟,What kind of work will you do?
مجھے معلوم نہیں ہے۔,I don't know.
مجھے پتہ نہیں ہے۔,I don't know.
مجھے نہیں پتہ۔,I don't know.
مجھے نہیں معلوم۔,I don't know.
لیلہ چیخنے لگی۔,Layla started yelling.
شاید وہ صرف توارد ہے۔,That's probably just a coincidence.
مجھے اس سے مدد کی ضرورت ہے۔,I need help with this stuff.
ٹام ابھی بھی یہاں نہیں ہے۔,Tom is no longer here.
آپ کو موٹر سائکل کب ملی؟,When did you get a motorcycle?
ٹام کو نیند کیسی ائی؟,How did Tom sleep?
وہ اپنے شوہر سے قریب کھڑی رہی۔,She stood close to her husband.
کیا اپ کو فرانسیسی آتی ہے؟,Did you speak French?
میں چیوینگ گم چبا رہا ہوں۔,I'm chewing gum.
ٹام غالباً غصے میں ہوگا۔,Tom is likely to be upset.
میرے کئی دوست ایسے کرتے ہیں۔,I have several friends who do that.
بارش جلدی بند ہو جائے گی۔,It'll stop raining soon.
کیا اپ اپنی داڑھی بڑھا رہے ہیں؟,Are you growing a beard?
ٹام ناشتہ پکھا رہا ہے۔,Tom's cooking breakfast.
میں نے نوکری ڈھوڑھنے کی کوشش کی۔,I tried to find a job.
وہ ہنس مارے۔,They burst out laughing.
اس کی کتاب جلدی سے بہت مشہور ہوئی۔,Her book quickly became a bestseller.
وہ لڑکی کوئی موسیقی صلاحیت نہیں رکھتی تھی۔,The girl lacked musical ability.
وہ بہت رومانی نہیں تھا۔,That wasn't very romantic.
وہ چھوٹا اور ہلکا ہے۔,It's compact and lightweight.
مطلبی لوگ خود کے لئے جیتے ہیں۔,The selfish live for themselves alone.
خود غرض خود لئے جیتے ہیں۔,The selfish live for themselves alone.
ہم نے اپنے فرضوں کو پورا کیا۔,We fulfill our obligations.
وہاں پہ کیا ہے؟,What is over there?
مجھے چاکلیٹ پسند ہے۔,I like chocolate.
کتب خانہ کہاں ہے؟,Where's the library?
وہ کون سے رنگ کے ہیں؟,What color are they?
ماری لمبی ہے۔,Mary is tall.
کیا وہ لمبا ہے؟,Is he tall?
میں لمبا ہوں۔,I am tall.
میں لمبی ہوں۔,I am tall.
آخر کار وہ آ ہی گیا۔,At last he came.
ہم کام ختم کر کے گھر لوٹ گئے۔,We returned home after finishing the work.
کیا تم نے آج صبح ناشتہ کھایا تھا؟,Did you have breakfast this morning?
میں اج رات کو اسے فون کروں گا۔,I will call him tonight.
اخبار کہاں ہے؟,Where is the newspaper?
بارش ہو رہی ہے کیا؟,Is it raining?
دو ممالک کے درمیان کوئی رابطہ نہیں ہے۔,There's no communication between the two countries.
میرا نہیں خیال ٹام واپس آئے گا۔,I don't think Tom will be back.
ہمیں ٹھنڈ نہیں لگ رہی تھی۔,We weren't cold.
بدو لوگ ریگستان میں رہتے ہیں۔,Bedouins live in the desert.
کونسا میز؟,Which table?
تم اس پر بھروسہ کیوں نہیں کرتے؟,Why don't you believe him?
یہ کتاب جانوروں کے بارے میں ہے۔,This book is about animals.
ہم اس کے مخالف نہیں ہیں۔,We're not against it.
ٹام کار کے حادثے میں بچ گیا تھا۔,Tom survived the car crash.
ٹام کچھ کہنے ہی والا تھا۔,Tom was about to say something.
ہمیشہ اپنی نیت صاف رکھو۔,Always be clear in your intention.
اب تیز ہوا چل رہی ہے۔,It's now windy.
اس وقت دھوپ نکلی ہوئی ہے۔,It's sunny just now.
ہم کھڑکی کھول سکتے ہیں۔,We can open the window.
میرے دادا جان سینکڑوں قصے سناتے ہیںَ,My grandfather tells hundreds of anecdotes.
چھوٹی لڑکی صبح سویرے اٹھ گئی۔,The little girl woke at dawn.
کیا تم ایسٹر بنی میں یقین رکھتے ہو؟,Do you believe in the Easter Bunny?
ان کی کتنی بہنیں ہے؟,How many sisters does she have?
اپنی نییت صاف رکو,Keep your intentions pure.
وہ رو پڑا۔,He broke into tears.
اس نے فون نہیں کیا۔,He hasn't called.
شام بخیر۔,Good evening.
شب بخیر۔,Good night.
صبح بخير۔,Good morning.
سب کو سلام۔,"Hi, everybody."
میں تمباکونوشی چھوڑ رہا ہوں۔,I am quitting smoking.
ٹام پیلا ٹائی نہیں پہن رہا تھا,Tom wasn't wearing a yellow tie.
الجیریا کے کوئی فعل آتش فشاں نہیں ہیں,Algeria has no active volcanoes.
سمی قاہرہ آیا,Sami came to Cairo.
مجھے وہ ہی چاہیے جو ٹام چاہتا ہے,I want the same things Tom does.
ٹام لڑکا ہے، نا ؟,"Tom is a boy, isn't he?"
سمی دالان میں لیلا سے ملا,Sami met Layla in the hallway.
چلیف الجیریا کا سب سے لمبا دریا ہے,The Chelif is the longest river in Algeria.
وہ بربر زبان سیکھنے چاہتے ہیں,They want to learn the Berber language.
ایک سیکنڈ، گولی مت مار!,"Wait, don't shoot!"
میں بیوہ ہوں۔,I am a widow.
کیسا ہے؟,How is it?
میں استاد ہوتا تھا۔,I used to be a teacher.
دل بڑا بے ایمان ہے,The heart is very unfaithful.
میرے ارادے نیک تھے,My intention was pure.
میری طلاق ہو چکی ہے۔,I am divorced.
بس تھوڑا سا صبر اور۔,Just a little more patience.
آپ کیسی ہیں؟,How are you?
مجھے باتھروم جانا ہے.,I have to go to the bathroom.
مجھے غسلخانہ جانا ہے.,I have to go to the bathroom.
مجھے بیت الخلا خانہ جانا ہے.,I have to go to the bathroom.
مجھے غسلخانے کا استعمال کرنا ہے.,I have to go to the bathroom.
ٹام پچھواڑے میں کھیل رہا تھا۔,Tom was playing in the backyard.
یہ مچھلی ابھی بھی زندہ ہے کیا؟,Is this fish still alive?
دنیا میں بہت سارے ترک کردہ بلیاں ہیں,There are many abandoned cats in the world.
یونانی ایک آسان زبان نہیں ہے۔,Greek is not an easy language.
ٹوم کی طبیعت کافی بہتر ہو چکی ہے۔,Tom is much better now.
وہ انگریزی کے علاوہ دو زبانیں بولتا ہے۔,He speaks two languages besides English.
میں نیہں چاہتا ہوں کہ تم چوری کرو۔,I don't want you stealing.
آنا بارہ سال کی ہیں۔,Anna is twelve years old.
روسی آسان زبان نہیں ہے۔,Russian is not an easy language.
اسے کرین چلانا آتا ہے۔,She can operate a crane.
اسے دیکھو اور اس کی نقل کرو۔,Watch him and do likewise.
تمہیں خطرہ ہے۔,You're in danger.
آپ کو خطرہ ہے۔,You're in danger.
کیا آپ باقاعدگی سے شترنج کھیلتے ہیں؟,Do you play chess consistently?
اونچی آواز میں پڑھو۔,Read aloud.
سب کو یہ خیال بُری لگتی ہے۔,Everybody hates this idea.
میں ٹوم کی مدد کیوں کرنا چاہوں؟,Why would I want to help Tom?
ہم خاندان ہیں۔,We are family.
وہ بچگانہ انداز میں بولی۔,She talked childishly.
سکرین بند کیوں ہو گئ؟,Why did the screen go off?
وہ تھوڑی دیر تک پہنچ جائگی۔,She will be here in no time.
تمہیں پیٹسا چاہیے؟,Do you want some pizza?
کیا آپ کو پیٹسا چاہیے یے؟,Do you want some pizza?
سانپ سسکارتا ہے۔,The snake hisses.
میں کھیل رہا ہوں۔,I am playing.
اتنا بہنگم نہ بنو۔,Don't be crude.
اتنا بہنگم نہ بن۔,Don't be crude.
میرا کام مسلے بانانے پر مشتمل ہے۔,My job consists of creating problems.
تمہیں سو جانے سے بہلے نہیں کھانا چاہیے۔,You shouldn't eat just before going to bed.
میری نے بےپٹا ڈریس پہنی۔,Mary wore a strapless dress.
ٹوم جنّت میں تھا۔,Tom was in heaven.
ٹوم فردوس میں تھا۔,Tom was in heaven.
ٹوم جنّت الفردوس میں تھا۔,Tom was in heaven.
ٹھیک، تم جیت گےٴ۔,"OK, you win."
صحیح، تم جیت گےٴ۔,"OK, you win."
صحیح، تو جیت گیا۔,"OK, you win."
ٹھیک ہی، آپ جیت گےٴ۔,"OK, you win."
آپ نے صرف غیرملکیوں کو کیوں روکا؟,Why did you stop only the foreigners?
میں تمہارے گند سمیتنے سے تھک گیا ہوں۔,I'm tired of picking up after you.
میں دو بیرونی زبانیں سیکھ رہا ہوں۔,I'm learning two foreign languages.
میں اس خط لکھنے پر متفق ہو گیا۔,I agreed to write that letter.
مجھے پتا ہے کہ وہ حلال نہیں ہے۔,I know it's not kosher.
مچھر کیڑے ہوتے ہیں۔,Mosquitoes are insects.
تم نے جواب کیوں نہیں دیا؟,Why didn't you answer?
آپ نے جواب کیوں نہیں دیا؟,Why didn't you answer?
تو نے جواب کیوں نہیں دیا؟,Why didn't you answer?
میں تمہاری ہتھوڑی ادھار لے سکتا ہوں؟,Can I borrow your hammer?
مجھے مٹر اچھے لگتے ہیں۔,I like peas.
مجھے انڈے کی زردی پسند ہے۔,I love egg yolks.
جانور ہمارے دوست ہیں۔,Animals are our friends.
میں کیک کا ایک ٹکڑا کھانا چاھتا ہوں۔,I want to eat a piece of cake.
پھولوں کو پانی دیجیے۔,Please water the flowers.
پھولوں کو سینچیں۔,Please water the flowers.
اس سال اتنا نہیں برس رہا ہے۔,It isn't raining much this year.
اس سال اتنی بارش نہیں ہو رہی ہے۔,It isn't raining much this year.
میں ہار ماننے سے مرنا چاہونگا۔,I'd rather die than give up.
مین ہار ماننے سے مرنا مناسب سمجھتا ہوں۔,I'd rather die than give up.
جہاں حیات ہو، اُمید ہے۔,"Where there's life, there's hope."
اگر تم زیادہ کھاوٴگے، تو تم موٹے ہوجاوٴگے۔,"If you eat too much, you'll become fat."
اگر تو زیادہ کھائگا، تو نے موٹا بنیےگا۔,"If you eat too much, you'll become fat."
مجھے دھمکنا مت۔ میں کچھ نہیں بولونگا۔,Don't threaten me. I won't say anything.
مجھے دھمکنا مت۔ میں کچھ نہیں کہونگا۔,Don't threaten me. I won't say anything.
مجھے دھمکی مت دینا۔ میں کچھ نہیں کہونگا۔,Don't threaten me. I won't say anything.
مجھے دھمکی مت دو۔ میں کچھ نہیں کہونگا۔,Don't threaten me. I won't say anything.
میں ٹوم ہوں۔ آپ کا کیا نام ہے؟,I'm Tom. What's your name?
میں ٹوم ہوں۔ تمہارا کیا نام ہے؟,I'm Tom. What's your name?
میں ٹوم ہوں۔ تیرا کیا نام ہے؟,I'm Tom. What's your name?
میرے لیے زیادہ پیچیدہ ہے۔,It's too complicated for me.
مجھے پتا تھا کو وہ دھوکا تھا۔,I knew it was a trick.
مجھے معلوم تھا کہ وہ دھوکا تھا۔,I knew it was a trick.
تمہارا سر ابھی تک دُکھ کر رہا ہے؟,Does your head still hurt?
تیرا سر ابھی تک دُکھ کر رہا ہے؟,Does your head still hurt?
کھانا کہاں ہے؟,Where's the food?
اچھا ہے، لیکن کافی اچھا نہیں ہے۔,"It's good, but not good enough."
ٹوم کا سِکس پیَک ہے۔,Tom has a six-pack.
کیا آپ تفصیل سے بتا سکتے ہیں؟,Could you please elaborate?
کیا آپ مفصل کر سکتے ہیں؟,Could you please elaborate?
کیا تم تفصیل سے بتا سکتے ہو؟,Could you please elaborate?
کیا تم بہار کے لیے تیار ہو؟,Are you ready for spring?
کیا آپ بہار کے لیے تیار ہیں؟,Are you ready for spring?
کیا تو بہار کے لیے تیار ہے؟,Are you ready for spring?
ادھر نہ آنا۔,Don't come here.
ادھر مت آنا۔,Don't come here.
ادھر مت آوٴ۔,Don't come here.
ادھر نہ آوٴ۔,Don't come here.
ادھر نہ آیں۔,Don't come here.
ادھر مت آیں۔,Don't come here.
ادھر نہ آ۔,Don't come here.
یہاں نہ آنا۔,Don't come here.
اتنی محنت نہ کرو۔,Don't try too hard.
اتنی محنت مت کرو۔,Don't try too hard.
میرے ناک میں کھجلی ہو رہی یے۔,My nose itches.
وہ نرمدل بن گیا ہے۔,Tom has gone soft.
تمہارا پسندیدہ پلییر کون ہے؟,Who's your favorite player?
تمہیں کونسا پلییر پسند لگتا ہے؟,Who's your favorite player?
ٹوم نے بائبل پڑھی۔,Tom read the Bible.
ٹوم نے انجیل پڑھی۔,Tom read the Bible.
تم مجھ سے کبھی متفق نہیں ہوتے ہو۔,You never agree with me.
تم مجھ سے اتفاق کبھی نہیں کرتے ہو۔,You never agree with me.
آپ مجھ سے اتفاق کبھی نہیں کرتے ہیں۔,You never agree with me.
تم ہمیشہ مجھ سے اختلاف کرتے ہو۔,You always disagree with me.
آپ ہمیشہ مجھ سے اختلاف کرتے ہیں۔,You always disagree with me.
تو ہمیشہ مجھ سے اختلاف کرتا ہے۔,You always disagree with me.
آپ اپنے ساتھ کیا کروگے؟,What are you going to do with yourself?
آپ اپنے ساتھ کیا کرنے چاہتے ہو؟,What are you going to do with yourself?
تم اپنے ساتھ کیا کروگے؟,What are you going to do with yourself?
تو اپنے ساتھ کیا کرےگا؟,What are you going to do with yourself?
یہ بےمثال ہے۔,This is unprecedented.
یہ انوکھا ہے۔,This is unprecedented.
اس کا آدھا آپ کا ہے۔,Half of this is yours.
اس کا آدھا حصّہ تمہارا ہے۔,Half of this is yours.
اس کا آدھا حصّہ تیرا ہے۔,Half of this is yours.
تھیراپی کا کوئ اثر نہیں تھا۔,Therapy didn't help.
معلاجہ کا کوئ اثر نہیں تھا۔,Therapy didn't help.
بدصورت بطخ ایک خوبصورت ہنس میں بدل گئی۔,The ugly duckling turned into a beautiful swan.
بدصورت بطخ ایک خوبصورت ہنس میں بن گئ۔,The ugly duckling turned into a beautiful swan.
برعکس بھی سچ ہے۔,The opposite is also true.
برعکس بھی صحیح ہے۔,The opposite is also true.
اے ٹی ایم نہیں چل رہی ہے۔,The cash machine is out of order.
اے ٹی ایم خراب ہے۔,The cash machine is out of order.
وہ ایک قابل اعتماد رسائ ہے۔,That's a reliable approach.
یہ ہمارا چھوٹا راز ہی رہنا چاہئے تھا۔,That was supposed to be our little secret.
سارے اس پر خوش نہیں تھے۔,Not everyone was happy about this.
سب اس بات پر خوش نہیں تھے۔,Not everyone was happy about this.
کوئ بھی اس بات پر خوش نہیں تھا۔,Nobody was happy about this.
اب ہی جاوٴ، اور کبھی واپس مت آوٴ۔,Leave now and don't ever come back.
اب ہی جاوٴ، اور کبھی واپس مت آنا۔,Leave now and don't ever come back.
مشتری ایک سیارہ ہے۔,Jupiter is a planet.
ایک مذہبی واقعہ ہے۔,It's a religious event.
ثابت ہوا ہے کہ میرا ایک بھائ ہے۔,It turns out that I have a brother.
اس کے لیے کوئ ثبوت ہے؟,Is there some basis for this?
مجھے چینی پسند ہے۔,I like sugar.
مجھے شوگر پسند ہے۔,I like sugar.
شورع سے ہی مجھے شک تھا۔,I had my doubts from the get-go.
میں پُرانے یادوں کو نہیں ہلانا چاہتا ہوں۔,I don't want to stir up old memories.
شورع سے ہی مجھے شبہ ہو رہا تھا۔,I had my doubts from the get-go.
چیزوں کو جلد میں مت کرو۔,Don't rush things.
مجھے آپ کی ہمراہی کرنے دیں۔,Allow me to accompany you.
مجھے تمہاری ہمراہی کرنے دو۔,Allow me to accompany you.
نہیں، آسان نہیں ہے۔,"No, it's not easy."
تم اتنے بدتمیز کیوں ہو؟,Why are you so mean?
تو، اور کیا چل رہا ہے؟,"So, what else is going on?"
تو، اور کیا ہو رہا ہے؟,"So, what else is going on?"
لگا جیسے کچھ ہوا ہی نہیں تھا۔,It appeared as if nothing happened.
پارٹی قابو سے نکل رہی تھی۔,The party was getting out of control.
مجھے لگا کہ چیزیں بدلنے والی تھیں۔,I thought things would change.
مجھے لگا کہ حالت بدلےگا۔,I thought things would change.
کیوں میں تمہیں پسند بھی ہوں؟,Do you even like me?
کیا مین تجھے پسند بھی ہوں؟,Do you even like me?
یہ ا-ب-پ جیسے آسان ہے۔,It's as easy as ABC.
یہ ا-ب-پ جتنا آسان ہے۔,It's as easy as ABC.
ریڈیو کو کیجیےگا۔,Please turn up the radio.
بڑھائ مھربانی ریڈیو کو اونچا کریں۔,Please turn up the radio.
گھر پہ کون ہے؟,Who's at home?
مرغا ککڑو بول رہا ہے۔,The rooster is crowing.
آپ کیا پینے چاہتے ہیں، صاحب جی؟,"What would you like to drink, sir?"
آپ کیا پینے چاہتے ہیں، جناب؟,"What would you like to drink, sir?"
آپ اتنے اداس کیوں نظر آ رہے ہو؟,Why do you look so gloomy?
تم اتنے اداس کیوں لگ رہا ہو؟,Why do you look so gloomy?
میں کچھ پیسے ادھار لے سکتا ہوں؟,Could I borrow some money?
سب جاندار آکسیجن پر محتاج ہیں۔,All living things need oxygen.
سارے جاندار آکسیجن پر محتاج ہیں۔,All living things need oxygen.
ساتھ ساتھ مشق کرتے ہیں۔,Let's practice together.
بڑائ مہربانی وقفے کے بعد مجھ سے ملیں۔,Please see me after recess.
کیا میں آپ کا کاپی دیکھ سکتا ہوں؟,Can I see your notebook?
اس ریستوران کا کھانا بہت مہنگا ہے۔,The food in this restaurant is very expensive.
کونسی بلّی نے اب جنم دیا؟,Which cat just gave birth?
بڑاےٴ مہربانی اس کو پھینک دیجیے۔,Please throw this away.
ٹوم نے سنجیدگی سے اس پر نہیں سوچا۔,Tom hasn't thought this through.
ٹوم نے اس پر سنجیدگی سے سوچا ہے۔,Tom has thought this through.
ٹوم بے بسی محسوس کر رہا تھا۔,Tom felt powerless.
ٹوم نہیں مدد کر سکتا ہے۔,Tom can't help.
ایک دن، ٹوم کو سمجھ آ جاےٴگا۔,"One day, Tom will understand."
میں آپ سے پورا کا پورا منتفق ہوں۔,I agree with you one hundred percent.
ٹوم کو اپنے اوزار پسند ہیں۔,Tom loves his tools.
ٹوم سکی رسورٹ میں کام کرتا ہے۔,Tom works at a ski resort.
ٹوم اور میری نے برف کا آدمی بنایا۔,Tom and Mary made a snowman.
ٹوم گھنٹوں کو گزرتے گزرتے دیکھتا رہا۔,Tom watched the hours tick by.
لڑکیوں مین ٹوم مقبول ہے۔,Tom is popular with girls.
کیا وہ ٹوم کے لیے تحفہ ہے؟,Is it a present for Tom?
ٹوم کے لیے تحفہ ہے، ہےنا؟,"It's a present for Tom, isn't it?"
ٹوم کو کیڑا ملا۔,Tom found the bug.
ٹوم نے اپنی ظہور میں شدید تبدیلی کی۔,Tom changed his appearance drastically.
میں ٹوم کو نہیں شامل کرنا چاہتا ہوں۔,I don't want to involve Tom.
ٹوم کو رقص کے لیے دعوت ملی۔,Tom was invited to the ball.
ٹوم کو ڈرامے میں سلیقہ ہے۔,Tom has a flair for the dramatic.
ٹوم کو خوش نصیبی کا چوٹ پڑا۔,Tom had a stroke of good luck.
ٹوم سے واپس آنا کا پوچھا گیا۔,Tom was asked to return.
ٹوم کو وہ خیال کبھی نہیں آیا تھا۔,The idea had never occurred to Tom.
ٹوم قدرتی محول کا آگاہ ہے۔,Tom is environmentally conscious.
ٹوم کنفرسنس میں حاضر تھا۔,Tom attended a conference.
ٹوم بین الاقوامی کونفرنس میں حاضر تھا۔,Tom attended an international conference.
ٹوم کی گاری کی رنگدار شیشے ہیں۔,Tom's car has tinted windows.
کوئ انسانی اسمگلنگ کو روکےگا؟,Will anybody stop human trafficking?
میں نے ٹوم کی مدد کی۔,I helped Tom out.
میں اپنے بابا کے ساتھ رہتا ہوں۔,I live together with my father.
آپ سارے کہاں رہتے ہیں؟,Where do you all live?
قصور اس کا ہی ہے۔,The fault is his own.
بہت شکریہ۔,Many thanks!
تم کیسی ہو؟,How are you?
ٹام نے باقیوں سے پہلے دیکھا۔,Tom saw it before anyone else.
ہم سب پیچھے بیٹھے۔,We all sat in the back.
ہم بادلوں کے اوپر اڑ رہے ہیں۔,We're flying above the clouds.
سال بھر بہت بارش رہتی ہے۔,There's lots of rain all year.
دروازے پہ کھڑی عورت کون ہے؟,Who's the lady at the door?
آپ ان کی شائد مدد کر سکتے ہو۔,You might be able to help them.
بات کرنے کے لیے کسی کو ڈھونڈھو۔,Find somebody to talk to.
کیا انہوں نے سیٹبیلٹ پہن کے رکھا تھا؟,Were they wearing seatbelts?
میں کہیں بھی سو سکتا ہوں۔,I can sleep anywhere.
میں عموماََ چار بجے گھر جاتا ہوں۔,I usually go home at four.
آپ کا کیا ارادہ ہے؟,What's your intention?
آپ ساحلِ سمندر پہ کام کرینگے۔,You will work on the beach.
وہ آپ کے کمرے میں کیوں تھا؟,What was he doing in your room?
وہ بڑے گھر میں رہتی ہے۔,She lives in a large house.
پرندے درختوں میں بیٹھے چہچہا رہے ہیں۔,The birds are singing in the trees.
یہ کارڈبورڈ کی ڈبیاں اتنی نازک ہیں۔,These cardboard boxes are fragile.
تمہیں پہلے کچھ کپڑے تو پہنے چاہیے۔,You better put on some clothes first.
آپ اس کے ساتھ کیوں نہیں گےٴ؟,Why didn't you go with him?
وہ تمہارے لیے زیادہ عمر کا ہے۔,He's too old for you.
میں وہاں تین بار ہوکر آ چکا ہوں۔,I went there twice.
آپ کام دوبارہ کب شروع کروگے؟,When do you start to work again?
ایک نظر ڈالتے ہیں!,Let's take a look.
ٹام پانی پیتا ہے۔,Tom drinks water.
میں نے اس کو پکڑا۔,I caught him.
خواتین کا عالمی دن مبارک ہو!,Happy International Women's Day!
ایگور ڈلیوریز کر رہا ہے۔,Igor is doing deliveries.
بِل، دروازہ دیکھ کے آوٴ۔,"Bill, answer the door."
ٹام بہت گوشت کھاتا ہے۔,Tom eats lots of meat.
یہ گھوڑا نہیں ہے، گدّھا ہے۔,That's not a horse. It's a donkey.
کیا وہ سو رہی ہے؟,Is she sleeping?
یونیورسٹی جانا ایک عمدہ تجربہ تھا۔,University was a wonderful experience.
ٹام اور مَئری کو ڈر نہیں لگتا ہے۔,Tom and Mary aren't afraid.
میں اس کے ساتھ اسکول جاتا تھا۔,I went to school with her.
بلّی دھوپ سے مزہ لے رہی ہے۔,The cat is basking in the sun.
بلّی مزے سے دھوپ کھا رہی ہے۔,The cat is basking in the sun.
یہ آپ نے اچھا کیا ہے۔,You were wise to do so.
یہ آپ نے بڑی سمجھداری سے کیا ہے۔,You were wise to do so.
اس نے اپنے بچوں کو روسی زبان سکھائ۔,She learned her children Russian.
میری نظروں سے دفعہ ہو جاوٴ۔,Get out of my sight.
میری نظروں سے پرے ہو جا۔,Get out of my sight.
اس کا کتا کہاں ہے؟,Where is her dog?
میں اپنی بیوی سے پیار کرتا ہوں۔,I love my wife.
میں اپنی بیوی سے پیار کرتی ہوں۔,I love my wife.
میں اپنی بیوی کو چاہتی ہوں۔,I love my wife.
میں اپنی بیوی کو چاہتا ہوں۔,I love my wife.
وہ میری بیوی کی دوست ہے۔,She's my wife's friend.
یہ نتیجے بہت حوصلہ افزا ہیں۔,The results are very encouraging.
باہر سے وہ بالکل خوش لکتے تھے۔,"On the outside, they seemed perfectly happy."
وہ ایک قابلِ اثر جوان لڑکی ہے۔,"She's a young, impressionable teenager."
مجھے تفصیل سے کچھ نہیں پتہ ہے۔,I don't have any details.
مجھے کسی تفصیل سے اندازہ نہیں ہے۔,I don't have any details.
ٹام تعاون نہیں کر رہا ہے۔,Tom won't be cooperative.
آئندہ ہم اس کمرے میں ملیںگے۔,"From now on, we'll meet in this room."
میں ٹام کو یہاں نہیں چھوڑ سکتا ہوں۔,I can't leave Tom here.
میں ٹام کو یہاں نہیں چھوڑ سکتی ہوں۔,I can't leave Tom here.
دو کولا، براےٴ مہربانی,"Two colas, please."
میں جاکے مدد کرونگی۔,I'll go help.
میں جاکے مدد کرونگا۔,I'll go help.
آج رات ہوٹل میں ٹھہرتے ہیں۔,Let's stay at a hotel tonight.
براےٴ مہربانی پرہیز کیجیےگا۔,Please refrain.
میں ہمیشہ ناشتے میں روٹی کھاتا ہوں۔,I always eat bread for breakfast.
میں ہمیشہ ناشتے میں روٹی کھاوٴنگی۔,I always eat bread for breakfast.
میں تھی جس نے شیشہ توڑا۔,I'm the one who broke the window.
میں تھا جس نے شیشہ توڑا۔,I'm the one who broke the window.
واقعی کام آتا ہے۔,It really comes in handy.
کل صبح پوچھ لیجیےگا۔,Ask again tomorrow.
یہی ڈاکٹر کا حکم ہے۔,That's just what the doctor ordered.
کیسے ہار سکتے ہو؟,How can you lose?
یانی شاپنگ مال میں تھی۔,Yanni was at that shopping mall.
ہم ٹام کو کبھی نہیں بھولینگے۔,We'll never forget Tom.
میں ان کو کب دیکھ سکتا ہوں۔,When can I see them?
میَری متوافق الجنس ہے۔,Mary is cisgender.
میَری سسجینڈر ہے۔,Mary is cisgender.
ٹام واپس جیل جا رہا ہے۔,Tom is going back to jail.
ٹام نے اپنی بلّی اسے دے دی۔,He gave his cat to her.
آپ میری مدد کیسے کرتے؟,How would you help me?
رات کو دیر نہ جاگو۔,Don't stay up late at night.
میں تجھے اپنے پاس چاہتا ہوں۔,I want you near me.
میں تجھے اپنے پاس چاہتی ہوں۔,I want you near me.
وہ خودکشی کرنا چاہتا ہے۔,He's suicidal.
ٹیکنیشیم قدرت میں بہت کم پایا جاتا ہے۔,Technetium is rarely found in nature.
ٹیکنیشیم قدرت میں بہت کمیاب ہے۔,Technetium is rarely found in nature.
ٹیکیشیم قدرت میں بہت کم ملتا ہے۔,Technetium is rarely found in nature.
ٹام میَری سے ملنے پارک گیا۔,Tom went to the park to meet Mary.
کیا وہ آپ کی اکلوتی بیٹی ہے؟,Is she your only daughter?
ٹام نے اس کا ذکر تک نہیں کیا۔,Tom didn't even mention it.
ٹام نے اس کا ذکر بھی نہیں کیا۔,Tom didn't even mention it.
میں ایک سمندری بگلا ہوں۔,I am a seagull.
اچھا ہے، لیکن اتنا اچھا کافی نہیں ہے۔,"It's good, but not good enough."
ٹیکنالوجی اچھا تو لگنا ہی چاہیے۔,You've got to love technology.
کیا کوئ مسلہ ہے؟,Is it a problem?
میں نے سانپ کو چوہا کھاتے ہوےٴ دیکھا۔,I saw a snake eating a mouse.
میرا ایک دوست تھا جس نے فون کیا۔,It was a friend of mine who called.
میں اس کا کچھ بھی مقروض نہیں ہوں۔,I owe her nothing.
ٹام اسے نہیں بدل سکتا ہے۔,Tom can't change that.
دوائ فاضل کو زہر لگی۔,Fadil thought the medication was poison.
فاضل نے ادویا کو زہر خیال کیا۔,Fadil thought the medication was poison.
زیری نیند میں باتیں کر رہا ہے۔,Ziri is talking in his sleep.
اس نے اپنی جان اس پہ فدا کی۔,She devoted herself to him.
سیٹو پل کتنا لمبا ہے؟,How long is the Seto Bridge?
وہ مجھ سے دو گنا بڑا ہے۔,He's twice my size.
برسات کا موسم جون میں شروع ہوتا ہے۔,The rainy season begins in June.
بارش کا موسم جون میں شروع ہوتا ہے۔,The rainy season begins in June.
میں جولی کو الوداع کہنے ہوائ اڈا گیا۔,I saw Julie off at the airport.
وہ اپنے کمرے کو ہمیشہ صاف رکھتا ہے۔,He always keeps his room clean.
وہ غلط ہے۔,That's incorrect.
تمہاری کونسی گاڑی ہے؟,Which car is yours?
آپ کی کونسی گاڑی ہے؟,Which car is yours?
اپنے جوش کوٹھنڈا کرنے کی کوشش کرو۔,Try to calm down.
سکون سے رہنے کی کوشش کرو۔,Try to calm down.
کیا تم ابھی چل سکتے ہو؟,Can you still walk?
کیا آپ ابھی بھی چل سکتے ہیں؟,Can you still walk?
وہ اس کے قریب کھڑی ہو گئی۔,She stood close to him.
وہ ایک اچھا کھلاڑی ہے۔,He is a good athlete.
آپ نے کیا کہا؟,What did you say?
تم نے کیا کہا؟,What did you say?
تو نے کیا کہا؟,What did you say?
مجھے نہیں لگا کہ کوئی یہاں ہوگا۔,I didn't think anyone would be here.
کیپشن غلط ہیں۔,The captions are wrong.
عنوان غلط ہیں۔,The captions are wrong.
ہمیں تھوڑا قہوہ چاہئے۔,We need some coffee.
ہمیں تھوڑا کوفی چاہئے۔,We need some coffee.
یہ ایک پنسل کیس ہے۔,This is a pencil case.
یہ ایک پنسل پاوٴچ ہے۔,This is a pencil case.
کیا میں کے لیے تھوڑا پانی لے آوٴں؟,Shall I get some water for you?
آپ کا دوسروں پر برا اثر ہوتا ہے۔,You're a bad influence.
زیری ہسپتال میں جاگا۔,Ziri woke up in the hospital.
میں جاننا چاہتا ہوں۔,I want to know.
میں جاننا چاہتی ہوں۔,I want to know.
وہ قابلِ رحم صورتحال میں رہ رہے ہیں۔,They live in deplorable conditions.
میں اپنے ٹیٹوز اتروانا چاہتا ہوں۔,I want to get my tattoos removed.
میں اپنے ٹیٹوز اتروانا چاہتی ہوں۔,I want to get my tattoos removed.
بہت شکریہ!,Thank you very much!
آپ کا نام کیا ہے؟,What is your name?
غربی بغداد میں وسیع قبرستان تھے۔,There were vast graveyards in Western Baghdad.
آپ سنائے، بال بچے کیسے ہیں؟,"So, tell me, how are the kids?"
انٹرنیٹ کس کام کا ہے؟,What use is the internet?
شور ناقابل برداشت ہے,The noise is unbearable.
بڑی مہربانی۔,Thank you very much.
میری عمر چوبیس سال ہے۔,I am twenty-four years old.
اس بچے کا جسم مظبوط اور تندرست ہے۔,This child's body is strong and healthy.
کتابیں پڑھنا میرا مشغلہ ہے۔,Reading books is my hobby.
اس کی آنکھیں خوبصورت ہیں۔,His eyes are beautiful.
آپ کس سے ڈرتے ہیں؟,Who do you fear?
زیادہ جارحانہ انداز اختیار کرو۔,Be more aggressive.
اس نے کتاب خریدنا چاہی۔,He wanted to buy a book.
میں پاکستان سے آیا ہوں۔,I have come from Pakistan.
بندرگاہ میں برف نہیں ہے۔,There is no ice in the port.
خربوزہ خربوزے کو دیکھ کر رنگ پکڑتا ہے۔,Birds of a feather flock together.
پاکستان جنوبی ایشیاء میں واقع ہے۔,Pakistan is situated in South Asia.
اتاترک ۱۸۸۱ صدی عیسوی میں پیدا ہوئے۔,Ataturk was born in the year 1881 A.D.
میرے دوست نہیں ہیں۔,I don't have friends.
نیم حکیم، وبالِ جان۔,Little knowledge is a dangerous thing.
مجھے بس سے ڈر لگتا ہے۔,I'm scared of the bus.
کوئ بھی بات ہو تو کہہ دو,"If you have anything to say, say it."
عقل بڑی یا بھینس۔,"What's better, brains or brawn?"
میں طلاق یافتہ ہوں۔,I am divorced.
کِس لئیے؟,For what?
میرا نام علی ہے۔,My name is Ali.
یہ کس قِسم کا پرندہ ہے؟,What kind of bird is this?
بغل میں چھری، منہ میں رام رام۔,A wolf in sheep's clothing.
میں منرل واٹر کو ترجیح دیتا ہوں,I prefer mineral water.
میں وہ قرطاس دیکھنا چاہتا ہوں۔,I want to see that chart.
ریگا لٹویا کا دارالحکومت ہے۔,Riga is the capital of Latvia.
وہ بڑے ناانصافیوں کا ارتکاب کر رہے ہیں۔,They are committing great injustices.
کیا میں نے اس کا صحیح ترجمہ کیا؟,Did I translate it correctly?
ڈوبتے کو تنکے کا سہارا,Little help is worth much for the wretched.
مجھے تلاش مت کرو۔,Don't look for me.
تعلیم سب کے لیے ضروری ہے۔,Education is necessary for all.
جھار آئی اور اُجاڑ کر گئی,Winter came and made all barren.
میں وہ خاکہ دیکھنا چاہتا ہوں۔,I want to see that diagram.
بھاگتے چور کی لنگوٹی ہی سہی۔,Something is better than nothing.
چالاک مت بنکر دکھا ءو,Don't try to seem smart.
اردو ہماری قومی زبان ہے۔,Urdu is our national language.
گھر کی مرغی دال برابر۔,Familiarity breeds contempt.
بس مجھے ڈراتا ہے۔,I'm scared of the bus.
تو پھر آپ نے یہ آخر کیسے کیا؟,But when how did you finally do it?
ہم نے کئی چیزوں پر بات کی۔,We talked about many things.
میں نے نہیں سوچا کہ اتنے سارے ہونگے۔,I didn't think there would be this many.
انٹرنیٹ کس کام کے لیے ہے؟,What use is the internet?
دراصل ٹوم وہ نہیں کرنا چاہتا ہے۔,"Actually, Tom doesn't want to do that."
چور کی داڑھی میں تنکا۔,A guilty conscience needs no accuser.
میں معلم تھا۔,I was a teacher.
بچہ جیب میں، ڈھنڈوڑا شہر میں۔,It was right under your nose.
کس سے تم ڈرتے ہو؟,What do you fear?
یہ کافی خطرناک شے ہے۔,This is a rather dangerous object.
ٹام گرا,Tom fell.
کیا تم ہمیشہ اتنے غصّے میں رہتے ہو؟,Are you always this angry?
رسی جل گئ مگر بل نہ گیا۔,Burning the rope doesn't undo the knots.
ہم امن پسند لوگ ہیں,We are pacifists.
میں رنڈوا ہوں۔,I am a widower.
مجھے ‏آپ کی یہ تصویر بہت پسند ہے۔,I really like this picture of you.
ٹام نے جان بوجھ کے یہ نہیں کیا۔,Tom didn't mean to do that.
ٹام نے دروازہ کھلا چھوڑ دیا۔,Tom left the door open.
یہ آخری جملہ ہے۔,This is the last sentence.
آدمی روٹی کھا رہا ہے۔,The man is eating bread.
کیا آپ نے EQ ٹیسٹ کرایا ہے؟,Have you gotten an EQ test?
میں دو دن سے نہیں سویا۔,I haven't slept for two days.
میں بس اتنا کہنا چاہتی ہوں۔,That's all I want to say.
اس میٹر کو دیکھو۔,Look at the meter.
وہ بہت تلخی سے روئی۔,She wept very bitterly.
کیا آپ نے توڑا؟,Did you break it?
کیا تو نے توڑا؟,Did you break it?
کیا تم نے توڑا؟,Did you break it?
مئیری نے بغیر اسٹراپس والا جوڑا پہنا۔,Mary wore a strapless dress.
ٹام جنت میں تھا۔,Tom was in heaven.
ٹھیک ہے، تم جیت گئے۔,"OK, you win."
آپ صرف باہر والوں کو کیوں روکتے ہیں؟,Why did you stop only the foreigners?
میں دو بیرونی زبانیں سیکھ رہی ہوں۔,I'm learning two foreign languages.
مجھے پتہ ہے کہ کوشر نہیں ہے۔,I know it's not kosher.
مچھر کیڑے ہوں۔,Mosquitoes are insects.
میں آپ کا ہتھوڑا ادھار لے سکتا ہوں؟,Can I borrow your hammer?
مجھے مٹر پسند ہے۔,I like peas.
مجھے انڈے کی زردی بہت پسند ہے۔,I love egg yolks.
میں کیک کا ٹکڑا کھانا چاہتا ہوں۔,I want to eat a piece of cake.
برائے مہربانی پھولوں کو پانی دیجیئے۔,Please water the flowers.
اس سال زیادہ بارش نہیں ہو رہی ہے۔,It isn't raining much this year.
ہار ماننے سے بہتر مرنا پسند کروں گی۔,I'd rather die than give up.
جان ہے تو جہان ہے۔,"Where there's life, there's hope."
جہاں زندگی ہو، وہاں امید ہے۔,"Where there's life, there's hope."
زیادہ کھاوٴگے تو موٹے ہو جاوٴگے۔,"If you eat too much, you'll become fat."
زیادہ کھاوٴگی تو موٹی ہو جاوٴگی۔,"If you eat too much, you'll become fat."
میں تمہیں کم از کم گلے لگا لوں؟,Can I at least hug you?
مجھے پتہ تھا کہ چال ہے۔,I knew it was a trick.
آپ کا سر ابھی تک دکھ رہا ہے؟,Does your head still hurt?
آپ کے سر میں ابھی تک درد ہے؟,Does your head still hurt?
اچھا ہے، لیکن کافی نہیں ہے۔,"It's good, but not good enough."
ٹام کا ٦ پیک ہے۔,Tom has a six-pack.
آپ ذرا تفصیل میں جا سکتے ہیں؟,Could you please elaborate?
آپ ذرا تفصیل میں جا سکتی ہیں؟,Could you please elaborate?
یہاں مت آنا۔,Don't come here.
زیادہ کوشش نہ کرو۔,Don't try too hard.
زیادہ زورنہ لگاوٴ۔,Don't try too hard.
مجھے ناک پہ کھجلی لگ رہی ہے۔,My nose itches.
ٹام کا دل پگھل گیا ہے۔,Tom has gone soft.
آپ کا پسندیدہ پلیئر کون ہے؟,Who's your favorite player?
ٹام نے بائبل پڑھا۔,Tom read the Bible.
آپ میرے سے کبھی اتفاق نہیں کرتے ہیں۔,You never agree with me.
بس اس کا بہت ہو گیا ہے۔,That's enough of that.
بہن چود۔,For fuck's sake.
بھاڑ میں جاوٴ۔,For fuck's sake.
توبہ، چھوڑ دو اسے۔,"Jeez, give it a rest."
وہ بیسبال کا دیوانہ ہے۔,He is obsessed with baseball.
میں کل چڑیا گھر گئی۔,I went to the zoo yesterday.
میں کل چڑیا گھر گیا۔,I went to the zoo yesterday.
وہ مجرم نہیں ہے۔,He's not a criminal.
میں روزانہ ان سے قبائلی سیکھتا ہوں۔,I learn Kabyle from them everyday.
وہ مجھے ابھی ملا۔,I just got that.
وہ مجھے ابھی ملی۔,I just got that.
بس ایک نمبر لے لو۔,Just take a number.
تم سونے کیوں نہیں جاتے ہو؟,Why don't you go to sleep?
آپ سونے کیوں نہیں جاتے ہیں؟,Why don't you go to sleep?
اسے گٹار اچھی طرح بجانا آتا ہے۔,He's very good at guitar.
وہ خاص تھا۔,That was special.
میں نے خود اسے اسکول پر چھوڑا۔,I dropped her myself at school.
میں نے کہا کہ شاید جائے گا۔,I said he might go.
کیا میرے اوپر اشتباہ ہے؟,Am I under suspicion?
میں سب سے تھک گیا ہوں۔,I'm tired of everything.
میں سب سے تھک گئی ہوں۔,I'm tired of everything.
ٹام ایک ابھرتا ڈاکٹر ہے۔,Tom is a budding doctor.
کیا آپ معمار ہیں؟,Are you an architect?
ٹام نے مئیری سے ایک کتاب ادھار لی۔,Tom borrowed a book from Mary.
چھپنے کی کوئ ضرورت نہیں۔,There's no need to hide.
وہ زیادہ بولتی ہے۔,She speaks too much.
سیب کا ادھا حصہ گل سڑ چکا تھا۔,Half of the apple was rotten.
کس کے بارے میں؟,About what?
ٹام پسپا ہو رہا ہے۔,Tom is losing ground.
میں سچ مچ اسٹریلیہ سے پیار کرتی ہوں۔,I really do love Australia.
تم ٹائم ضائع نہیں کرتے۔,You don't waste time.
تیار رہو۔,Be prepared.